signal,param,value,arch,seed,N_sens,mean_amp_corr,mean_freq_corr,mean_plv,mean_phase_deg,rmse_o1_g,rmse_ref_o1,rmse_ref_g,conv_threshold_time_s,conv_settle_time_s,conv_reached_threshold,steady_err_o1_g,sim_time_s,sim_python_peak_mem_mb,sim_rss_peak_delta_mb,train_time_s
oscillator,eta,1e-05,PC-EC,0,20,-0.049702405544074374,-0.6007392553629909,0.9895471236951682,73.05520205980753,0.6729944800845276,0.19664340226687707,0.7144314382150857,,0.02,False,0.9361519798382473,5.24248567199902,17.771947860717773,47.55859375,0.9347169290012971
oscillator,eta,1e-05,PC-SC,0,20,-0.05880758051059791,-0.575504503208574,0.9889227454451733,74.6838726023198,0.6793475238361625,0.19664340226687707,0.7144497462137043,,0.019,False,0.9469074601967088,6.454820208000456,26.105647087097168,40.4453125,0.9347169290012971
oscillator,eta,1e-05,PC-EC,1,20,0.5257918944287323,0.2174364730259237,0.9957953457127497,73.81709190778724,0.5548229859871712,0.8988952223651023,0.7993883391906154,,6.126,False,0.7678183818801615,4.74992338499942,17.16064167022705,4.2890625,0.8988812490024429
oscillator,eta,1e-05,PC-SC,1,20,0.7738752688368415,0.4584279053271014,0.998453242993617,75.80298687800115,0.5596160095012308,0.8988952223651023,0.8196998778054246,,6.056,False,0.7788021322509794,7.288120755998534,25.9017915725708,12.234375,0.8988812490024429
oscillator,eta,1e-05,PC-EC,2,20,0.04101742978820248,-0.2567522464178818,0.9924738978509626,77.69646379048474,0.6855623435409016,0.4657673143341868,0.7792138238544184,,0.018000000000000002,False,0.9595475482335418,4.751296842998272,18.154033660888672,4.91796875,0.9349177250005596
oscillator,eta,1e-05,PC-SC,2,20,0.09183438873463928,-0.2702594685911769,0.9928486125377565,76.43299247478373,0.6825148783489456,0.4657673143341868,0.7929658838450917,,0.018000000000000002,False,0.9557131679019288,7.204197033002856,26.3157320022583,8.9453125,0.9349177250005596
oscillator,eta,1e-05,PC-EC,3,20,0.34599837702315606,-0.1562822366165617,0.9897777817185192,74.97851071961684,0.65288942497039,0.4629445343351785,0.7526696224642756,,0.024,False,0.9104673550535882,5.663788218000263,16.922849655151367,2.453125,0.9194178949983325
oscillator,eta,1e-05,PC-SC,3,20,0.41911830200619016,-0.20964441651268548,0.9914294492139253,74.83364551170959,0.6510955430090631,0.4629445343351785,0.7654722525971327,,0.024,False,0.9082808437460639,6.765000871000666,26.286191940307617,7.7109375,0.9194178949983325
oscillator,eta,1e-05,PC-EC,4,20,0.26791656623363563,0.2635677449146406,0.9957352116896593,76.79973866463138,0.6578352435962288,0.8587204431591191,0.6372315507480146,,0.023,False,0.9177662337447141,5.385659760002454,16.703042030334473,2.17578125,0.9538458479983092
oscillator,eta,1e-05,PC-SC,4,20,0.3754788839142506,0.32759334817438945,0.9970342444689242,79.09176218055973,0.662718629128372,0.8587204431591191,0.6381150165623135,,0.021,False,0.9272466410274188,6.713914111998747,25.229402542114258,7.19140625,0.9538458479983092
oscillator,eta,1e-05,PC-EC,5,20,-0.055805171360224004,-0.00116172565501136,0.9858215805033421,78.47076950609392,0.7818209361333627,0.5985566610655327,0.7673257210966702,,0.005,False,1.0995335117732332,4.856790760000877,16.908455848693848,2.15234375,0.9423834869994607
oscillator,eta,1e-05,PC-SC,5,20,-0.036401916625750805,-0.035266552934185305,0.9847627781934764,73.01293552716339,0.7686258379300789,0.5985566610655327,0.7692889373598477,,0.007,False,1.0741437774692917,6.664162277000287,25.978025436401367,6.6484375,0.9423834869994607
oscillator,eta,1e-05,PC-EC,6,20,0.14169208052200147,-0.1077186902492367,0.994226608639807,72.44622966760454,0.6750914979248868,0.5577409504877844,0.8008183104260667,,0.02,False,0.94058025956719,4.609015385998646,18.624906539916992,2.10546875,0.9221352960012155
oscillator,eta,1e-05,PC-SC,6,20,0.05659751914270691,-0.058491226715235226,0.993078747466765,78.64305724614412,0.6942949664822978,0.5577409504877844,0.7616903800877506,,0.016,False,0.9730840618014791,7.139997772999777,25.180814743041992,7.765625,0.9221352960012155
oscillator,eta,1e-05,PC-EC,7,20,0.9389483539085216,0.6313887233210611,0.9985089220406983,74.4569119028049,0.5733770980900172,0.8211657585866632,0.7826449438133763,,10.714,False,0.7558894772080939,4.901469221000298,17.76141929626465,1.7109375,0.9935889369990036
oscillator,eta,1e-05,PC-SC,7,20,0.7400727550065089,0.5541580396839441,0.9975268891560212,82.46871888502551,0.5896776853714856,0.8211657585866632,0.734189607314533,,9.802,False,0.7837213316502396,6.333392909000395,22.530585289001465,4.92578125,0.9935889369990036
oscillator,eta,1e-05,PC-EC,8,20,0.08500715500407427,0.026435068127023398,0.9935861602904119,71.06210452767692,0.6620515867989792,0.6981160842875862,0.8082032483716282,,0.023,False,0.9174652060880227,4.567560040999524,18.342256546020508,2.078125,0.962633671999356
oscillator,eta,1e-05,PC-SC,8,20,0.03231442475739644,-0.24513976933366605,0.9942640966597635,74.04776487564348,0.6711549164629553,0.6981160842875862,0.8038399263700055,,0.021,False,0.9340077561728726,7.120236295002542,26.470090866088867,6.96875,0.962633671999356
oscillator,eta,1e-05,PC-EC,9,20,-0.16502625127158307,-0.5198602343857913,0.9872746585659768,69.26783528655471,0.6615444230283327,0.1519522871775245,0.6981030952395065,,0.023,False,0.9144150280847563,5.267944056002307,18.321683883666992,2.125,0.9385116140001628
oscillator,eta,1e-05,PC-SC,9,20,-0.12843186852131944,0.03931902574578028,0.9908901095013654,72.95023628293544,0.6692011915806483,0.1519522871775245,0.7086715420011911,,0.021,False,0.9295610443429061,7.071345024000038,27.046476364135742,13.2734375,0.9385116140001628
oscillator,eta,0.0001,PC-EC,0,20,0.7782933847672202,0.051848696975633435,0.9975831385743053,25.468232936226812,0.30287408258914994,0.19664340226687707,0.466629355044622,,0.47600000000000003,False,0.42351735729382506,4.4944072290018084,17.555514335632324,1.765625,0.9347169290012971
oscillator,eta,0.0001,PC-SC,0,20,0.6955452680979787,0.050262179151211506,0.9969211281519793,30.29025971419484,0.35505547463201387,0.19664340226687707,0.5101401642023726,,0.279,False,0.4944427428107478,6.596900041997287,25.149816513061523,6.45703125,0.9347169290012971
oscillator,eta,0.0001,PC-EC,1,20,0.9155038916400291,0.8267896560416667,0.9995035557327849,23.375756369701637,0.23252667340540575,0.8988952223651023,0.9861188895797731,,6.122,False,0.32391810762078593,4.582406767000066,16.78469944000244,1.19140625,0.8988812490024429
oscillator,eta,0.0001,PC-SC,1,20,0.9358570467486494,0.8614359073322588,0.9995963120930929,19.466549010920577,0.19609431813760753,0.8988952223651023,0.9814631572496523,,6.056,False,0.27431570063270705,6.6942638670007,24.362882614135742,5.80078125,0.8988812490024429
oscillator,eta,0.0001,PC-EC,2,20,0.8803021795453543,-0.8119256575524998,0.9969826036779121,24.49207251502831,0.2925070753429829,0.4657673143341868,0.700128587885702,,0.508,False,0.4120615913950836,4.438158921999275,17.73092746734619,1.8125,0.9349177250005596
oscillator,eta,0.0001,PC-SC,2,20,0.9154824897480971,-0.8179097718236115,0.9976508448527839,20.337601313308014,0.24534700498499978,0.4657673143341868,0.6666673232587734,,0.862,False,0.34608924402212576,7.056807975997799,23.744260787963867,5.62890625,0.9349177250005596
oscillator,eta,0.0001,PC-EC,3,20,0.8472755844529033,-0.7044309620998901,0.9962818470763231,29.872889268449192,0.33882797976542095,0.4629445343351785,0.7155236892817833,,0.343,False,0.4752755024169142,4.63440359499873,16.752714157104492,1.38671875,0.9194178949983325
oscillator,eta,0.0001,PC-SC,3,20,0.8848448448100049,-0.7148458518292504,0.9968657296869022,24.324488763980604,0.28100098917164235,0.4629445343351785,0.6777129768914046,,0.682,False,0.3951299667588893,7.294229736999114,24.867490768432617,6.19140625,0.9194178949983325
oscillator,eta,0.0001,PC-EC,4,20,0.7290065249831753,0.6888779727816042,0.9998159024045639,29.919306687336544,0.3381459890382926,0.8587204431591191,0.6453594212860478,,0.293,False,0.47352881071576286,4.354571402000147,16.486512184143066,1.16796875,0.9538458479983092
oscillator,eta,0.0001,PC-SC,4,20,0.6954800967539723,0.6690166266069468,0.9997961894659875,31.083453555607118,0.35043817958159607,0.8587204431591191,0.6391692074768528,,0.259,False,0.4922754307638443,6.492285065000033,24.059415817260742,5.85546875,0.9538458479983092
oscillator,eta,0.0001,PC-EC,5,20,0.6856807584953267,-0.7073959200397639,0.9968213719898484,34.76316598229061,0.45641346716151815,0.5985566610655327,0.8559794280926907,,0.123,False,0.638986072713022,4.616337338000449,16.956215858459473,1.55859375,0.9423834869994607
oscillator,eta,0.0001,PC-SC,5,20,0.7167865637122932,-0.7175700031880357,0.997103630400146,30.438757799515905,0.4045941643343211,0.5985566610655327,0.8257855554716126,,0.18,False,0.562058231235036,6.990139937999629,24.826139450073242,6.421875,0.9423834869994607
oscillator,eta,0.0001,PC-EC,6,20,0.9144991667974516,-0.7960273998280185,0.9983212006945976,19.505397126956286,0.2376244405608737,0.5577409504877844,0.7326158356468079,,0.841,False,0.3349703208460088,4.618344991999038,18.24228000640869,1.93359375,0.9221352960012155
oscillator,eta,0.0001,PC-SC,6,20,0.6999261957712499,-0.7216056263579227,0.9973708838408735,34.80375806012946,0.4052368928877231,0.5577409504877844,0.8216186416801735,,0.17300000000000001,False,0.5670842484884976,7.0025449710010435,24.114988327026367,5.9765625,0.9221352960012155
oscillator,eta,0.0001,PC-EC,7,20,0.9735548215822267,0.8297881498619359,0.9998014532699884,20.995345011704714,0.21533247701293548,0.8211657585866632,0.8923262895194108,,10.747,False,0.2839064423237991,5.070914524996624,17.32275676727295,1.56640625,0.9935889369990036
oscillator,eta,0.0001,PC-SC,7,20,0.941812625273991,0.6522135488101961,0.9992946915806104,48.28590537034708,0.44603973027115856,0.8211657585866632,0.8849105664539165,,11.587,False,0.5817225207365843,6.458196695999504,21.832711219787598,4.2421875,0.9935889369990036
oscillator,eta,0.0001,PC-EC,8,20,0.7909747480476343,0.9257011299272065,0.999176440185954,22.022626416513607,0.26280804038060845,0.6981160842875862,0.8636328199700147,,0.8290000000000001,False,0.36834417713993817,4.27562676800153,18.098783493041992,1.0625,0.962633671999356
oscillator,eta,0.0001,PC-SC,8,20,0.7871045121502822,0.9109026989829996,0.9991536136925563,24.01292910408883,0.28502830270123014,0.6981160842875862,0.8749328194343525,,0.634,False,0.39948617473900455,7.209102370001347,24.857725143432617,5.40234375,0.962633671999356
oscillator,eta,0.0001,PC-EC,9,20,0.7587301560783042,0.0679530543707238,0.9976840257962759,25.557893144516903,0.302754999572266,0.1519522871775245,0.432639577102261,,0.5630000000000001,False,0.4226539312746129,5.231896965000487,18.147218704223633,1.19921875,0.9385116140001628
oscillator,eta,0.0001,PC-SC,9,20,0.7733405893718139,0.05678746074673102,0.9978784232237103,23.0510723020296,0.27515712003246146,0.1519522871775245,0.4068645789079664,,0.739,False,0.3839598038849743,6.220762402001128,25.741247177124023,5.7578125,0.9385116140001628
oscillator,eta,0.001,PC-EC,0,20,0.995376357442196,0.9971729012129171,0.9999528686264382,2.3434025042472997,0.029424581783977326,0.19664340226687707,0.2221853368091712,1.09,1.09,True,0.04166103893982704,4.699026490998222,17.07648277282715,0.41796875,0.9347169290012971
oscillator,eta,0.001,PC-SC,0,20,0.9932229826347821,0.9958393324900476,0.9999267158976237,2.956852960991954,0.03705074351355097,0.19664340226687707,0.22897698466614133,,1.085,False,0.05246151209630282,7.388551264000853,23.874967575073242,4.59765625,0.9347169290012971
oscillator,eta,0.001,PC-EC,1,20,0.9975223216264687,0.9913608117698782,0.9999830964762075,2.0876258963801932,0.022018597612382736,0.8988952223651023,0.911158721458343,1.084,5.372,True,0.030899388573865653,4.8708438700014085,15.637685775756836,0.38671875,0.8988812490024429
oscillator,eta,0.001,PC-SC,1,20,0.998150948711749,0.9933251328791086,0.9999874004501782,1.6593553345259524,0.01757051148219651,0.8988952223651023,0.9087126925801441,1.075,5.355,True,0.02466109334388383,6.549744725001801,23.260014533996582,3.05078125,0.8988812490024429
oscillator,eta,0.001,PC-EC,2,20,0.9973312830039691,0.9988485922973618,0.9999694534794121,2.1377033983485747,0.02674965025888955,0.4657673143341868,0.4890618390186497,1.086,1.092,True,0.037846393789281764,4.501665398001933,16.953458786010742,0.9375,0.9349177250005596
oscillator,eta,0.001,PC-SC,2,20,0.9978951840464823,0.9991458511139039,0.9999793977419451,1.7107109029537022,0.021476376360095594,0.4657673143341868,0.4844587326689783,1.076,1.091,True,0.030386279961189217,6.34895257700191,21.733884811401367,1.23046875,0.9349177250005596
oscillator,eta,0.001,PC-EC,3,20,0.9964453135765403,0.9978185331705178,0.9999532936222877,2.8557139103659894,0.03476393717598729,0.4629445343351785,0.4912974795432365,5.8100000000000005,1.089,True,0.04928113147637194,5.350440024998534,16.279695510864258,0.0,0.9194178949983325
oscillator,eta,0.001,PC-SC,3,20,0.9953543283863384,0.9980491611110519,0.9999535071757195,2.1817907540411405,0.026926452627180512,0.4629445343351785,0.48454584160561676,1.085,1.091,True,0.038517806527311856,6.955479624000873,23.568540573120117,2.3984375,0.9194178949983325
oscillator,eta,0.001,PC-EC,4,20,0.9872747133684576,0.9767290995286029,0.9999866462159593,2.79211092625074,0.033591908573662614,0.8587204431591191,0.8429112946069924,1.105,1.089,True,0.04742146636935422,4.803578613002173,15.637460708618164,0.0,0.9538458479983092
oscillator,eta,0.001,PC-SC,4,20,0.9871148315134468,0.9762426114694511,0.9999863463974613,2.9322083442311664,0.03525161033168852,0.8587204431591191,0.8421177291858637,29.286,1.088,True,0.04975673892775525,6.796643358000438,22.878411293029785,2.078125,0.9538458479983092
oscillator,eta,0.001,PC-EC,5,20,0.992346923116704,0.09175448585382079,0.9998169319918797,3.4605468619368276,0.04916165672992371,0.5985566610655327,0.6348453660019565,,1.048,False,0.0698325629927455,4.59408505799729,16.341035842895508,0.00390625,0.9423834869994607
oscillator,eta,0.001,PC-SC,5,20,0.9934283869716785,0.09143201757379371,0.9998429200897477,3.123056696447196,0.04438088122286179,0.5985566610655327,0.6313714984890161,,1.049,False,0.06305153219727114,6.318729787999473,23.029290199279785,2.23828125,0.9423834869994607
oscillator,eta,0.001,PC-EC,6,20,0.9978264630268239,0.07421207774656863,0.9999162871668841,1.6236442159662423,0.020498761212284156,0.5577409504877844,0.57413733661241,1.074,1.09,True,0.029009128066334728,4.925248006002221,17.259034156799316,0.75390625,0.9221352960012155
oscillator,eta,0.001,PC-SC,6,20,0.9947097128049807,0.0749396601845822,0.9997430519655418,3.5309677423359656,0.04420957476760106,0.5577409504877844,0.5929815135648674,,1.058,False,0.06256194011328244,6.524160693999875,23.664579391479492,1.796875,0.9221352960012155
oscillator,eta,0.001,PC-EC,7,20,0.9989680599896467,0.9904722291105206,0.9999917818252684,1.8139230961668675,0.019412022693077995,0.8211657585866632,0.829819961669515,1.077,10.06,True,0.025861910083821105,4.469791130999511,16.818418502807617,0.00390625,0.9935889369990036
oscillator,eta,0.001,PC-SC,7,20,0.9941766391107283,0.9393908339559827,0.9999530992968009,6.102950271338843,0.06449048239839207,0.8211657585866632,0.8481682656948345,,9.946,False,0.08584002038177867,7.764868343001581,20.398252487182617,0.0234375,0.9935889369990036
oscillator,eta,0.001,PC-EC,8,20,0.9952180660648149,0.9967759095404101,0.9999349665078017,1.9289574032896635,0.02399814881633633,0.6981160842875862,0.7163929788496235,1.079,1.091,True,0.03394528190921653,4.3114443400008895,16.643556594848633,0.0,0.962633671999356
oscillator,eta,0.001,PC-SC,8,20,0.9949401413210618,0.9965605571835223,0.9999308306771328,2.1284502506968517,0.026421957699218127,0.6981160842875862,0.7182359167174195,1.084,1.092,True,0.03736004537478398,6.447172968000814,23.693212509155273,2.6171875,0.962633671999356
oscillator,eta,0.001,PC-EC,9,20,0.9953586228277681,0.9948741435400292,0.9999036861202562,2.3543928625485653,0.029476681004635328,0.1519522871775245,0.17844013609812145,1.09,1.09,True,0.041686801669510776,4.49874043300224,17.166139602661133,0.0,0.9385116140001628
oscillator,eta,0.001,PC-SC,9,20,0.9962576057113806,0.995786929450893,0.999921022919968,2.0350564194087957,0.02553472884107181,0.1519522871775245,0.1747980942358366,1.081,1.09,True,0.03612095141276291,6.671723202998692,25.037992477416992,2.3671875,0.9385116140001628
oscillator,eta,0.01,PC-EC,0,20,-0.10566841890863597,-0.0500785289206413,0.026293616817927988,11.82433861495041,8.029570714824335e+28,0.19664340226687707,8.029570714824335e+28,,30.0,False,1.7774575199890415e+29,4.681405224997434,17.860231399536133,0.0,0.9347169290012971
oscillator,eta,0.01,PC-SC,0,20,-0.18268523165151912,0.0626897383380186,0.009167548636345868,159.86724825160158,1.7862784937133777e+25,0.19664340226687707,1.7862784937133777e+25,,30.0,False,3.954176697869709e+25,7.082063861002098,24.130290031433105,1.80859375,0.9347169290012971
oscillator,eta,0.01,PC-EC,1,20,-0.0005089554075820082,0.006137166217355463,0.02970809742229753,90.35530575605375,2317732920570.831,0.8988952223651023,2317732920570.8315,,30.0,False,5130625229302.703,4.853241405002336,17.40607738494873,0.0,0.8988812490024429
oscillator,eta,0.01,PC-SC,1,20,0.0,-0.15959465689516616,0.029329470470467446,140.535405096375,inf,0.8988952223651023,inf,20.628,0.0,True,inf,7.0762251330015715,22.861193656921387,0.82421875,0.8988812490024429
oscillator,eta,0.01,PC-EC,2,20,-0.01545899562244965,-0.006456978439827864,0.04711448653618394,5.084035577238536,21.87883540581801,0.4657673143341868,21.8842153725048,,30.0,False,45.31025912977311,4.373343666000437,18.104978561401367,0.15625,0.9349177250005596
oscillator,eta,0.01,PC-SC,2,20,0.0,0.22824928917510026,0.02079843685317312,153.3393590338225,inf,0.4657673143341868,inf,21.306,0.0,True,inf,6.545329060998483,22.012818336486816,0.42578125,0.9349177250005596
oscillator,eta,0.01,PC-EC,3,20,-0.015004386606855793,0.0452104606034228,0.20831619312510413,0.4962148953947273,2.826270404688709,0.4629445343351785,2.864066629717351,,5.792,False,4.165552489057166,5.364641993000987,16.96696186065674,0.0,0.9194178949983325
oscillator,eta,0.01,PC-SC,3,20,-0.33388837546478606,0.12500180858942844,0.016587040872251074,55.85691906243182,8.514867384595085e+129,0.4629445343351785,8.514867384595085e+129,,30.0,False,1.8848847095294636e+130,6.815888722998352,23.763673782348633,1.51953125,0.9194178949983325
oscillator,eta,0.01,PC-EC,4,20,-0.0014157485051442958,0.03367479546911366,0.17586542584633727,0.7910574760689957,3.305332566552872,0.8587204431591191,3.4156075503924264,,4.5280000000000005,False,4.615190469101693,4.501708947002044,16.582310676574707,0.00390625,0.9538458479983092
oscillator,eta,0.01,PC-SC,4,20,0.07641050715408951,-0.04523046636440302,0.006988414947144783,37.98640778488589,4.877417820147487e+35,0.8587204431591191,4.877417820147487e+35,,30.0,False,1.0796844925400687e+36,6.438558477999322,22.802122116088867,1.08203125,0.9538458479983092
oscillator,eta,0.01,PC-EC,5,20,0.9897904373509896,0.9957639898962907,0.9999364016698468,0.0161489062098812,0.00842885619418241,0.5985566610655327,0.5991726550348728,1.746,9.255,True,0.010666541632814537,4.873232263002137,15.159151077270508,0.0,0.9423834869994607
oscillator,eta,0.01,PC-SC,5,20,-0.09409812443390966,0.042201780724269874,0.013066176511581698,165.1765200512601,12887150727.162971,0.5985566610655327,12887150727.16113,,30.0,False,28527506275.406887,6.820666994997737,22.504179000854492,0.83984375,0.9423834869994607
oscillator,eta,0.01,PC-EC,6,20,0.0,0.16794736582781947,0.017707477423976402,140.04685463751372,inf,0.5577409504877844,inf,26.748,0.0,True,inf,4.492710933998751,18.473904609680176,0.0,0.9221352960012155
oscillator,eta,0.01,PC-SC,6,20,0.9911292297789602,0.9981291737960093,0.9999716725478099,0.027487569882582018,0.006588536934906252,0.5577409504877844,0.5582982401175706,1.403,9.74,True,0.00948698341882297,6.84171572500054,23.378690719604492,1.71875,0.9221352960012155
oscillator,eta,0.01,PC-EC,7,20,-0.1491247723342368,-0.03928438337759106,0.01783241602160481,47.604791988381635,inf,0.8211657585866632,inf,25.137,0.0,True,inf,5.370575644999917,18.159940719604492,0.265625,0.9935889369990036
oscillator,eta,0.01,PC-SC,7,20,0.9975495976611595,0.9737832395561227,0.9999814522434751,0.2925739349137901,0.005950803992495866,0.8211657585866632,0.8228130656718693,1.062,7.402,True,0.008035443471534807,6.695345799998904,19.78644371032715,0.00390625,0.9935889369990036
oscillator,eta,0.01,PC-EC,8,20,0.004577546508601668,0.0401004409520878,0.007432011876775144,48.33099856715338,inf,0.6981160842875862,inf,24.594,0.0,True,inf,4.511145316002512,18.820615768432617,0.00390625,0.962633671999356
oscillator,eta,0.01,PC-SC,8,20,-0.40809305246231764,-0.1684899672038633,0.009916041571675846,33.51168263111096,2.8042655814937442e+137,0.6981160842875862,2.8042655814937442e+137,,30.0,False,6.2076331635888e+137,6.636313634000544,23.822782516479492,0.73046875,0.962633671999356
oscillator,eta,0.01,PC-EC,9,20,-0.0061353382317578965,0.01858379388273715,0.04417345118660127,8.06936358487363,17.66567508054708,0.1519522871775245,17.666135929172423,,29.713,False,31.012554792813244,5.463466929999413,18.362061500549316,0.26171875,0.9385116140001628
oscillator,eta,0.01,PC-SC,9,20,0.0,0.20114231286268983,0.018676842428511056,26.216921752650414,inf,0.1519522871775245,inf,,0.0,False,inf,6.875888059999852,24.72545623779297,0.18359375,0.9385116140001628
oscillator,eta,0.1,PC-EC,0,20,,,,,,0.19664340226687707,,2.281,0.0,True,,4.953754068999842,11.017826080322266,0.0,0.9347169290012971
oscillator,eta,0.1,PC-SC,0,20,,,,,,0.19664340226687707,,2.86,0.0,True,,6.9062390369981586,16.631433486938477,0.0,0.9347169290012971
oscillator,eta,0.1,PC-EC,1,20,,,,,,0.8988952223651023,,2.233,0.0,True,,5.158867893998831,9.922654151916504,0.0,0.8988812490024429
oscillator,eta,0.1,PC-SC,1,20,,,,,,0.8988952223651023,,2.25,0.0,True,,6.59341687000051,16.27061653137207,0.0,0.8988812490024429
oscillator,eta,0.1,PC-EC,2,20,,,,,,0.4657673143341868,,2.281,0.0,True,,4.6867194549995475,10.998651504516602,0.0,0.9349177250005596
oscillator,eta,0.1,PC-SC,2,20,,,,,,0.4657673143341868,,2.266,0.0,True,,7.109055704000639,16.719438552856445,0.0,0.9349177250005596
oscillator,eta,0.1,PC-EC,3,20,,,,,,0.4629445343351785,,2.543,0.0,True,,4.672231312000804,10.67485237121582,0.0,0.9194178949983325
oscillator,eta,0.1,PC-SC,3,20,,,,,,0.4629445343351785,,2.479,0.0,True,,6.09608173900051,16.52290153503418,0.00390625,0.9194178949983325
oscillator,eta,0.1,PC-EC,4,20,,,,,,0.8587204431591191,,2.527,0.0,True,,4.782398583000031,10.35350227355957,0.0,0.9538458479983092
oscillator,eta,0.1,PC-SC,4,20,,,,,,0.8587204431591191,,2.8080000000000003,0.0,True,,6.52689605499836,15.478381156921387,0.0,0.9538458479983092
oscillator,eta,0.1,PC-EC,5,20,,,,,,0.5985566610655327,,2.838,0.0,True,,5.2512370879994705,11.188281059265137,0.0,0.9423834869994607
oscillator,eta,0.1,PC-SC,5,20,,,,,,0.5985566610655327,,2.9370000000000003,0.0,True,,6.227760900001158,15.51915454864502,0.0,0.9423834869994607
oscillator,eta,0.1,PC-EC,6,20,,,,,,0.5577409504877844,,2.106,0.0,True,,4.761365713999112,10.811515808105469,0.0,0.9221352960012155
oscillator,eta,0.1,PC-SC,6,20,,,,,,0.5577409504877844,,3.141,0.0,True,,6.254854066999542,16.411895751953125,0.0,0.9221352960012155
oscillator,eta,0.1,PC-EC,7,20,,,,,,0.8211657585866632,,2.108,0.0,True,,5.2559256099993945,10.398974418640137,0.0,0.9935889369990036
oscillator,eta,0.1,PC-SC,7,20,,,,,,0.8211657585866632,,4.65,0.0,True,,6.482103039001231,15.168169975280762,0.0,0.9935889369990036
oscillator,eta,0.1,PC-EC,8,20,,,,,,0.6981160842875862,,2.1270000000000002,0.0,True,,4.8137961350003025,10.990923881530762,0.0,0.962633671999356
oscillator,eta,0.1,PC-SC,8,20,,,,,,0.6981160842875862,,2.459,0.0,True,,7.621270525,16.973708152770996,0.00390625,0.962633671999356
oscillator,eta,0.1,PC-EC,9,20,,,,,,0.1519522871775245,,2.267,0.0,True,,5.049730701000954,11.360796928405762,0.0,0.9385116140001628
oscillator,eta,0.1,PC-SC,9,20,,,,,,0.1519522871775245,,2.419,0.0,True,,6.745369440999639,16.87550640106201,0.0,0.9385116140001628
oscillator,tau_syn,0.01,PC-EC,0,20,0.977042142793799,0.3514385244217372,0.7168437868518656,1.1146431248434279,0.0270226293082926,0.8872753532412622,0.8874041017325587,6.596,6.7,True,0.037975012496472865,4.5915394549992925,15.23029613494873,0.0,0.9636724199990567
oscillator,tau_syn,0.01,PC-SC,0,20,0.97827697286721,0.21295382223830436,0.733958448425287,0.8120586573711381,0.02642694756150613,0.8872753532412622,0.8874272914189518,6.618,8.944,True,0.035442907989969026,7.350972243999422,22.579684257507324,0.0,0.9636724199990567
oscillator,tau_syn,0.01,PC-EC,1,20,0.9573037529518964,0.931597347801534,0.998676067870053,2.2654956450283805,0.04205561816085045,0.8749897822101148,0.8743817756607584,,1.03,False,0.0607977190862476,4.6423744870007795,15.00641918182373,0.0,0.9906369349992019
oscillator,tau_syn,0.01,PC-SC,1,20,0.9573588704481528,0.9347186134538435,0.9985778612741301,1.806224464378709,0.040544627639789714,0.8749897822101148,0.8748828858816664,,1.025,False,0.06240317720499867,7.633872654001607,22.60031032562256,0.06640625,0.9906369349992019
oscillator,tau_syn,0.01,PC-EC,2,20,0.6209391892388231,0.6172962952318855,0.3203820229785138,71.55051184526049,0.027870964341772955,0.9413684051834516,0.9419195250570812,,30.0,False,0.052086762764650164,4.719145090999518,14.841437339782715,0.00390625,0.95451117599805
oscillator,tau_syn,0.01,PC-SC,2,20,0.5098863553500493,0.4501470481978026,0.4345021674689371,73.68034258711795,0.05256827669058406,0.9413684051834516,0.9433226654205243,,30.0,False,0.10671176417319513,7.330119033998926,20.167044639587402,0.0,0.95451117599805
oscillator,tau_syn,0.01,PC-EC,3,20,0.23621692528520813,0.657714577219938,0.45912964869821515,29.863092516942544,0.026272990645147713,0.8956199756057054,0.8960379405499702,,30.0,False,0.0500741404589468,4.958508093997807,15.9495267868042,0.0,0.9578954720018373
oscillator,tau_syn,0.01,PC-SC,3,20,0.16177062318171653,0.6562036017203174,0.41230695175089105,44.92549580486198,0.036565911449739856,0.8956199756057054,0.8964496304271256,,30.0,False,0.0723520946938245,6.87790484099969,23.320990562438965,0.58984375,0.9578954720018373
oscillator,tau_syn,0.01,PC-EC,4,20,0.7328405560307081,0.6438247560935212,0.1885385056108378,113.64005374504157,0.025882029340694786,0.9157927826706229,0.9158990294784575,,6.238,False,0.0438986941220013,5.108054254997114,14.559503555297852,0.0,0.9796411789975537
oscillator,tau_syn,0.01,PC-SC,4,20,0.7461539859538502,0.6168796754808807,0.2250191359933443,98.22225927929739,0.024735866501294626,0.9157927826706229,0.9158802658708911,6.3950000000000005,6.421,True,0.04099675556020189,7.740214061999723,22.089858055114746,0.05859375,0.9796411789975537
oscillator,tau_syn,0.01,PC-EC,5,20,-0.0015785260323153876,0.0627085750154526,0.23761073683800352,136.26048539128652,0.02870490813874974,0.9168242528883127,0.9166660432733676,6.016,6.021,True,0.041373183962351165,4.838966204002645,15.183234214782715,0.93359375,0.8934783859986055
oscillator,tau_syn,0.01,PC-SC,5,20,0.03237800627093644,0.08208289360487409,0.29549968621670497,135.54441146534046,0.03018817632658757,0.9168242528883127,0.9168256794198036,6.016,5.9590000000000005,True,0.04386605155685262,7.374684835998778,21.466368675231934,0.0,0.8934783859986055
oscillator,tau_syn,0.01,PC-EC,6,20,0.698937043376431,0.5669518696739467,0.20615362656065822,76.03646923082768,0.040357373696905764,0.8035496501325379,0.8039774444126422,,30.0,False,0.07361337201601949,4.768011285999819,15.535784721374512,0.00390625,0.8780037989999983
oscillator,tau_syn,0.01,PC-SC,6,20,0.8193192072274801,0.551189956142947,0.22962595425132654,69.76175934678432,0.02904470223919244,0.8035496501325379,0.8035193980180015,,5.906,False,0.049127751298279634,7.4550123769986385,22.496413230895996,0.00390625,0.8780037989999983
oscillator,tau_syn,0.01,PC-EC,7,20,0.008216779632419957,0.05652303594917067,0.0763244267536498,119.53265016672634,0.027948488690638706,0.9168937993909896,0.9172900578918611,,30.0,False,0.051068976667877054,4.4550598909991095,15.949324607849121,0.0,0.902150892001373
oscillator,tau_syn,0.01,PC-SC,7,20,0.03876351446048192,0.018212728332730913,0.223440936032622,66.04404121858704,0.028097914282250988,0.9168937993909896,0.9173356867167084,,30.0,False,0.05123635160761736,7.180838336000306,19.192069053649902,0.0,0.902150892001373
oscillator,tau_syn,0.01,PC-EC,8,20,0.013676979496947766,0.1003162057604344,0.22560437905713854,65.15833941427195,0.028193905502031432,0.9343967694138884,0.9347852241298671,,30.0,False,0.05329342830772857,4.623784548999538,16.305502891540527,0.0,0.9301040350001131
oscillator,tau_syn,0.01,PC-SC,8,20,-0.01034053567358592,0.03996066083429123,0.034471646299392464,35.69418006952781,0.02458356564481752,0.9343967694138884,0.9347280171224428,,30.0,False,0.04452091001549692,6.990851508999185,22.81782341003418,0.0,0.9301040350001131
oscillator,tau_syn,0.01,PC-EC,9,20,0.010145883071418312,0.043514497126591646,0.15082327687162864,154.2797480563775,0.031479091053231725,1.0225958513762645,1.023023566675325,,1.059,False,0.05489797934021702,5.446288867999101,16.978713035583496,0.0,0.9291920640025637
oscillator,tau_syn,0.01,PC-SC,9,20,0.010286762245829941,-0.014063241046224036,0.18511571830189658,166.70285118174604,0.028375979765637462,1.0225958513762645,1.0229248008852392,,1.064,False,0.048152226438858935,7.535163034001016,24.226698875427246,0.2109375,0.9291920640025637
oscillator,tau_syn,0.02,PC-EC,0,20,0.9553231545945059,0.9265651228312701,0.9999012453240431,2.3168686689908835,0.029645577144824672,1.0189093667901665,1.0299550855825264,1.073,1.073,True,0.04194968361010475,5.326468875999126,16.190035820007324,0.0,0.9487237859975721
oscillator,tau_syn,0.02,PC-SC,0,20,0.9489360911022504,0.9223355017760011,0.9998873455478993,2.9239408584786255,0.0363785220555601,1.0189093667901665,1.032589355533883,,1.073,False,0.051501654343101146,6.52533331000086,23.658349990844727,0.0859375,0.9487237859975721
oscillator,tau_syn,0.02,PC-EC,1,20,0.989334891753749,0.9770916912606511,0.9998543273582525,2.2359350814071988,0.0269161354317688,0.9084425255671701,0.9100571519072811,1.066,1.074,True,0.038221209983950566,4.58931259900055,15.457762718200684,0.65234375,0.9789950780032086
oscillator,tau_syn,0.02,PC-SC,1,20,0.990726824383741,0.9797118926575994,0.9998768691116775,1.7833427705995937,0.022361483356247918,0.9084425255671701,0.9098728906941597,1.058,1.093,True,0.03174176554572643,6.673852984000405,22.552367210388184,0.26171875,0.9789950780032086
oscillator,tau_syn,0.02,PC-EC,2,20,0.9947799516562403,0.8108150460106763,0.9996171914672521,2.3492681845545316,0.027510464608955378,0.9200858318262094,0.9203019125425931,1.069,1.074,True,0.038971750416305975,5.272442902001785,15.836161613464355,0.0,0.8727045490013552
oscillator,tau_syn,0.02,PC-SC,2,20,0.9953227015317369,0.8420244485510826,0.9996674020551592,1.8810920837161358,0.02279630680839469,0.9200858318262094,0.9204068642766652,1.06,1.091,True,0.03233187988770081,7.343654767999396,20.944682121276855,0.0,0.8727045490013552
oscillator,tau_syn,0.02,PC-EC,3,20,0.983440431523833,0.8498624325777393,0.3226868481726096,2.3399069222375593,0.006188119376442608,0.8730297822707263,0.8730590449407736,5.745,6.55,True,0.00844321279412847,4.821339333997457,15.868754386901855,0.0,0.8763466500022332
oscillator,tau_syn,0.02,PC-SC,3,20,0.9832358526845304,0.83698574844084,0.3226897833561261,20.44217538266614,0.006244945261629703,0.8730297822707263,0.8730690092598408,1.07,6.448,True,0.009177261222181364,6.653972779000469,23.612874031066895,0.0,0.8763466500022332
oscillator,tau_syn,0.02,PC-EC,4,20,0.9638256747370472,0.9548485917195471,0.9996954755144918,3.8293793808133403,0.03685329798193185,0.8959084208796286,0.8983241674090654,,1.063,False,0.05189261090287419,4.5042229979990225,14.276522636413574,0.0,0.9173828800012416
oscillator,tau_syn,0.02,PC-SC,4,20,0.9625156738355456,0.9532658713200646,0.9996838577715219,4.036200823914026,0.0385791689828108,0.8959084208796286,0.8984093352185525,,1.061,False,0.05433720630416746,7.1492987090023234,21.967196464538574,0.0,0.9173828800012416
oscillator,tau_syn,0.02,PC-EC,5,20,0.9796139494382168,0.9614839165617304,0.9998086526594081,3.221656657603287,0.051637875270389225,1.1373935646438669,1.14118884669219,,1.031,False,0.07484348279129667,5.256418741999369,15.577898025512695,0.0,0.8170082699980412
oscillator,tau_syn,0.02,PC-SC,5,20,0.9815582820344577,0.9656316790322047,0.9998266980341775,2.9155270104937117,0.04720848862361818,1.1373935646438669,1.140962217564556,,1.032,False,0.06846105012115705,6.982221535999997,22.23981761932373,0.0,0.8170082699980412
oscillator,tau_syn,0.02,PC-EC,6,20,0.9777392357712966,0.9639040015192876,0.9999394486264876,1.5395783271874193,0.021748244502063138,1.0393931924222055,1.043398898617222,1.055,1.086,True,0.030885020279782082,4.672137372999714,16.52271556854248,0.0,0.8957993289986916
oscillator,tau_syn,0.02,PC-SC,6,20,0.9649453621186767,0.9463341123708876,0.9999024071156727,3.3331468817720227,0.04303347372185867,1.0393931924222055,1.046991125071697,,1.047,False,0.06090998474998044,7.3232711700002255,23.164867401123047,0.0,0.8957993289986916
oscillator,tau_syn,0.02,PC-EC,7,20,0.9989611519454944,0.9914596066444135,0.999825493016973,1.0723604420816057,0.015008139255360072,0.836664317902238,0.8369412283821037,1.061,29.801000000000002,True,0.0214307966254329,5.675938906999363,16.47729778289795,0.0,0.9422195589977491
oscillator,tau_syn,0.02,PC-SC,7,20,0.9955710296141315,0.9822560272300452,0.9993341179286135,3.6318223381573245,0.042519018119427994,0.836664317902238,0.8365914852902006,,29.95,False,0.060973305931898834,6.977147736000916,19.7901029586792,0.0,0.9422195589977491
oscillator,tau_syn,0.02,PC-EC,8,20,0.9992469498468711,0.1882006547674369,0.9470283912270544,0.14185233035214195,0.009617545443535434,0.8202394154614372,0.8208119576787647,1.064,7.763,True,0.011024576848301966,5.12066517600033,16.206828117370605,0.0,0.8870443100022385
oscillator,tau_syn,0.02,PC-SC,8,20,0.9992174274733088,0.21098062818888844,0.9466365664502383,0.18507637657794804,0.009947178701637506,0.8202394154614372,0.8208622616893935,1.068,7.747,True,0.011179789294468957,6.761561175000679,22.7885799407959,0.0,0.8870443100022385
oscillator,tau_syn,0.02,PC-EC,9,20,0.9508208741478669,0.9470078334688181,0.99991787034231,2.327343543418706,0.03128271093769898,1.053144807140436,1.0661692431927212,1.073,1.068,True,0.04418128669638396,5.456931562999671,16.958651542663574,0.0,0.9363693740015151
oscillator,tau_syn,0.02,PC-SC,9,20,0.9560798161293425,0.951704904376145,0.9999265266995738,2.022582490157218,0.027623818740296822,1.053144807140436,1.0647479864887142,1.065,1.069,True,0.03896824680216972,7.1524384600015765,24.066866874694824,0.0,0.9363693740015151
oscillator,tau_syn,0.05,PC-EC,0,20,0.995376357442196,0.9971729012129171,0.9999528686264382,2.3434025042472997,0.029424581783977326,0.19664340226687707,0.2221853368091712,1.09,1.09,True,0.04166103893982704,4.699026490998222,17.07648277282715,0.41796875,0.9347169290012971
oscillator,tau_syn,0.05,PC-SC,0,20,0.9932229826347821,0.9958393324900476,0.9999267158976237,2.956852960991954,0.03705074351355097,0.19664340226687707,0.22897698466614133,,1.085,False,0.05246151209630282,7.388551264000853,23.874967575073242,4.59765625,0.9347169290012971
oscillator,tau_syn,0.05,PC-EC,1,20,0.9975223216264687,0.9913608117698782,0.9999830964762075,2.0876258963801932,0.022018597612382736,0.8988952223651023,0.911158721458343,1.084,5.372,True,0.030899388573865653,4.8708438700014085,15.637685775756836,0.38671875,0.8988812490024429
oscillator,tau_syn,0.05,PC-SC,1,20,0.998150948711749,0.9933251328791086,0.9999874004501782,1.6593553345259524,0.01757051148219651,0.8988952223651023,0.9087126925801441,1.075,5.355,True,0.02466109334388383,6.549744725001801,23.260014533996582,3.05078125,0.8988812490024429
oscillator,tau_syn,0.05,PC-EC,2,20,0.9973312830039691,0.9988485922973618,0.9999694534794121,2.1377033983485747,0.02674965025888955,0.4657673143341868,0.4890618390186497,1.086,1.092,True,0.037846393789281764,4.501665398001933,16.953458786010742,0.9375,0.9349177250005596
oscillator,tau_syn,0.05,PC-SC,2,20,0.9978951840464823,0.9991458511139039,0.9999793977419451,1.7107109029537022,0.021476376360095594,0.4657673143341868,0.4844587326689783,1.076,1.091,True,0.030386279961189217,6.34895257700191,21.733884811401367,1.23046875,0.9349177250005596
oscillator,tau_syn,0.05,PC-EC,3,20,0.9964453135765403,0.9978185331705178,0.9999532936222877,2.8557139103659894,0.03476393717598729,0.4629445343351785,0.4912974795432365,5.8100000000000005,1.089,True,0.04928113147637194,5.350440024998534,16.279695510864258,0.0,0.9194178949983325
oscillator,tau_syn,0.05,PC-SC,3,20,0.9953543283863384,0.9980491611110519,0.9999535071757195,2.1817907540411405,0.026926452627180512,0.4629445343351785,0.48454584160561676,1.085,1.091,True,0.038517806527311856,6.955479624000873,23.568540573120117,2.3984375,0.9194178949983325
oscillator,tau_syn,0.05,PC-EC,4,20,0.9872747133684576,0.9767290995286029,0.9999866462159593,2.79211092625074,0.033591908573662614,0.8587204431591191,0.8429112946069924,1.105,1.089,True,0.04742146636935422,4.803578613002173,15.637460708618164,0.0,0.9538458479983092
oscillator,tau_syn,0.05,PC-SC,4,20,0.9871148315134468,0.9762426114694511,0.9999863463974613,2.9322083442311664,0.03525161033168852,0.8587204431591191,0.8421177291858637,29.286,1.088,True,0.04975673892775525,6.796643358000438,22.878411293029785,2.078125,0.9538458479983092
oscillator,tau_syn,0.05,PC-EC,5,20,0.992346923116704,0.09175448585382079,0.9998169319918797,3.4605468619368276,0.04916165672992371,0.5985566610655327,0.6348453660019565,,1.048,False,0.0698325629927455,4.59408505799729,16.341035842895508,0.00390625,0.9423834869994607
oscillator,tau_syn,0.05,PC-SC,5,20,0.9934283869716785,0.09143201757379371,0.9998429200897477,3.123056696447196,0.04438088122286179,0.5985566610655327,0.6313714984890161,,1.049,False,0.06305153219727114,6.318729787999473,23.029290199279785,2.23828125,0.9423834869994607
oscillator,tau_syn,0.05,PC-EC,6,20,0.9978264630268239,0.07421207774656863,0.9999162871668841,1.6236442159662423,0.020498761212284156,0.5577409504877844,0.57413733661241,1.074,1.09,True,0.029009128066334728,4.925248006002221,17.259034156799316,0.75390625,0.9221352960012155
oscillator,tau_syn,0.05,PC-SC,6,20,0.9947097128049807,0.0749396601845822,0.9997430519655418,3.5309677423359656,0.04420957476760106,0.5577409504877844,0.5929815135648674,,1.058,False,0.06256194011328244,6.524160693999875,23.664579391479492,1.796875,0.9221352960012155
oscillator,tau_syn,0.05,PC-EC,7,20,0.9989680599896467,0.9904722291105206,0.9999917818252684,1.8139230961668675,0.019412022693077995,0.8211657585866632,0.829819961669515,1.077,10.06,True,0.025861910083821105,4.469791130999511,16.818418502807617,0.00390625,0.9935889369990036
oscillator,tau_syn,0.05,PC-SC,7,20,0.9941766391107283,0.9393908339559827,0.9999530992968009,6.102950271338843,0.06449048239839207,0.8211657585866632,0.8481682656948345,,9.946,False,0.08584002038177867,7.764868343001581,20.398252487182617,0.0234375,0.9935889369990036
oscillator,tau_syn,0.05,PC-EC,8,20,0.9952180660648149,0.9967759095404101,0.9999349665078017,1.9289574032896635,0.02399814881633633,0.6981160842875862,0.7163929788496235,1.079,1.091,True,0.03394528190921653,4.3114443400008895,16.643556594848633,0.0,0.962633671999356
oscillator,tau_syn,0.05,PC-SC,8,20,0.9949401413210618,0.9965605571835223,0.9999308306771328,2.1284502506968517,0.026421957699218127,0.6981160842875862,0.7182359167174195,1.084,1.092,True,0.03736004537478398,6.447172968000814,23.693212509155273,2.6171875,0.962633671999356
oscillator,tau_syn,0.05,PC-EC,9,20,0.9953586228277681,0.9948741435400292,0.9999036861202562,2.3543928625485653,0.029476681004635328,0.1519522871775245,0.17844013609812145,1.09,1.09,True,0.041686801669510776,4.49874043300224,17.166139602661133,0.0,0.9385116140001628
oscillator,tau_syn,0.05,PC-SC,9,20,0.9962576057113806,0.995786929450893,0.999921022919968,2.0350564194087957,0.02553472884107181,0.1519522871775245,0.1747980942358366,1.081,1.09,True,0.03612095141276291,6.671723202998692,25.037992477416992,2.3671875,0.9385116140001628
oscillator,tau_syn,0.1,PC-EC,0,20,0.997377755832902,0.04463845875597461,0.9998205510897233,2.3500971550185383,0.02932727739502106,0.06611859158654253,0.09396805003989539,1.124,1.125,True,0.04148215637231897,4.624921873000858,17.19611358642578,0.0,0.9132955799977935
oscillator,tau_syn,0.1,PC-SC,0,20,0.9959428799216878,0.047429579938659205,0.9997616640154671,2.974588045656809,0.03706883055881119,0.06611859158654253,0.1014964666261971,,1.124,False,0.05241492184146541,7.561136906999309,24.4271879196167,0.0,0.9132955799977935
oscillator,tau_syn,0.1,PC-EC,1,20,0.999082478187433,0.9972021258074767,0.9999953475450515,2.0076495184592598,0.03626319531984781,1.1883813326574322,1.195953712765667,,1.095,False,0.05187876980080676,5.810213272998226,17.998568534851074,0.0,0.8890510559976974
oscillator,tau_syn,0.1,PC-SC,1,20,0.9994578516232708,0.9986072180856371,0.9999971603033193,1.5906156904802804,0.028738090261522665,1.1883813326574322,1.1944700062129143,1.105,1.105,True,0.04108441142312067,7.69789769399722,25.53653621673584,0.234375,0.8890510559976974
oscillator,tau_syn,0.1,PC-EC,2,20,0.9980026787098876,0.9966424549343833,0.9999195070323952,2.1379068595437225,0.026712949000167935,0.19096168222506166,0.21680070369427012,1.119,1.1260000000000001,True,0.03776527426037072,4.790493057000276,17.293867111206055,0.0,0.9515412709988595
oscillator,tau_syn,0.1,PC-SC,2,20,0.9986687350242868,0.9978010893817705,0.9999470600848936,1.7102411850069381,0.02139871938184048,0.19096168222506166,0.21163900155006266,1.106,1.122,True,0.030251742545747237,7.108187133999309,21.989596366882324,0.0,0.9515412709988595
oscillator,tau_syn,0.1,PC-EC,3,20,0.9977785687989853,0.997205286536327,0.999972612790772,2.602380814704433,0.04019824689579992,1.0863318405303983,1.0917860457898034,,1.1,False,0.05702540703670572,4.826810808997834,17.301183700561523,0.0,0.9114788670012786
oscillator,tau_syn,0.1,PC-SC,3,20,0.997847079561798,0.9983736351045516,0.999981015963602,1.9893156918623738,0.03081359503944933,1.0863318405303983,1.090524516191892,1.117,1.113,True,0.043810896298411964,6.860914513003081,24.741637229919434,0.12890625,0.9114788670012786
oscillator,tau_syn,0.1,PC-EC,4,20,0.9989806195497268,0.9977745883940579,0.9999908413189466,2.649457868291715,0.036995883264898555,0.9555749958642252,0.9627906674333321,,1.105,False,0.055155361133975324,4.550450230999559,16.396578788757324,0.0,0.8480047400007606
oscillator,tau_syn,0.1,PC-SC,4,20,0.9988807437632583,0.9975993988301011,0.9999899293976171,2.7772143607318918,0.03877762463649548,0.9555749958642252,0.9631544097642579,,1.088,False,0.057791406919785376,7.015666921000957,23.23279857635498,0.0,0.8480047400007606
oscillator,tau_syn,0.1,PC-EC,5,20,0.9943647579425655,0.9945471124484249,0.9998718160462511,3.4545346477901147,0.04983657777263031,0.16764922353066317,0.2030434609420269,,1.071,False,0.07066876541027821,5.596880623001198,16.6752347946167,0.0,0.9624124570000276
oscillator,tau_syn,0.1,PC-SC,5,20,0.9946386141535128,0.995109359134939,0.9998943653829693,3.1284586018991947,0.04516425928919271,0.16764922353066317,0.19958037910717735,,1.073,False,0.06410534688087335,6.422524405999866,23.24559497833252,0.0,0.9624124570000276
oscillator,tau_syn,0.1,PC-EC,6,20,0.9989174668853595,0.9994240721281098,0.9999844851379628,1.6199708308510723,0.020327898295614696,0.30415786188952976,0.3220337872716169,1.104,1.12,True,0.028753260383157064,4.727465199001017,18.174711227416992,0.0,0.8980319189977308
oscillator,tau_syn,0.1,PC-SC,6,20,0.9955421754365152,0.9972376270267065,0.9999218419105549,3.5297579544060227,0.044153651722598344,0.30415786188952976,0.3431229883980867,,1.121,False,0.06246316280361505,6.678858445000515,23.7915678024292,0.0,0.8980319189977308
oscillator,tau_syn,0.1,PC-EC,7,20,0.998390192630627,0.9991127179012063,0.9999777157458402,1.848388136809561,0.02331602979013524,0.2639604687598637,0.2845349328286631,1.108,1.12,True,0.03297990094269535,4.4411072629991395,17.21674346923828,0.0,0.8659166100005677
oscillator,tau_syn,0.1,PC-SC,7,20,0.9847371878405797,0.989570515528164,0.9997311883415726,6.150405095853798,0.07710452714992012,0.2639604687598637,0.3325410778304043,,1.074,False,0.10898164036691184,7.555485285000032,20.99232292175293,0.0,0.8659166100005677
oscillator,tau_syn,0.1,PC-EC,8,20,0.9983134573771912,0.9992359468264533,0.9999804571054415,1.9288866202327908,0.02419102394410336,0.3007336912070083,0.32148559689342515,1.111,1.122,True,0.03419510556984023,4.829445700997894,17.034884452819824,0.0,0.9113617699986207
oscillator,tau_syn,0.1,PC-SC,8,20,0.9980116505129961,0.9990888485237621,0.9999762941365271,2.131244405848874,0.026710893862327906,0.3007336912070083,0.32365772261902215,1.117,1.123,True,0.037750880552148924,6.712811580997368,23.837614059448242,0.0,0.9113617699986207
oscillator,tau_syn,0.1,PC-EC,9,20,0.9973607557905121,0.046834405158445225,0.9998078391743066,2.358234646973778,0.0294008029159713,0.0817520936694919,0.1092104519682027,1.125,1.125,True,0.0415770389109685,4.6472732559996075,17.7971248626709,0.0,0.922777063002286
oscillator,tau_syn,0.1,PC-SC,9,20,0.9978960540833177,0.9903880463165444,0.9998586422428313,2.0348489201814184,0.025413466461155963,0.0817520936694919,0.10538965094211472,1.115,1.124,True,0.035946508660365105,6.734956324002269,25.546385765075684,0.40625,0.922777063002286
oscillator,tau_syn,0.2,PC-EC,0,20,0.9976631598945105,0.9979139942828847,0.9999484391316811,2.33775914324623,0.029329894149211697,0.18538399614236495,0.21176110836871304,1.19,1.191,True,0.04148650609881591,4.845886598002835,17.29932975769043,0.0,0.8814296230011678
oscillator,tau_syn,0.2,PC-SC,0,20,0.9964450627563135,0.9967547046835314,0.9999173377213786,2.9564999174400897,0.03706145080717272,0.18538399614236495,0.21882790185864864,,1.197,False,0.05241404681601664,7.360320486997807,24.495829582214355,0.0,0.8814296230011678
oscillator,tau_syn,0.2,PC-EC,1,20,0.9998606137694412,0.9971169311632548,0.9999967674855401,2.0802329179113555,0.0369016424578856,1.2169212683540602,1.2293991607232837,,1.156,False,0.05482880941104719,5.106966161001765,18.1839017868042,0.0,0.860694811999565
oscillator,tau_syn,0.2,PC-SC,1,20,0.9999248805427523,0.9985347349051038,0.9999981039557071,1.6502349580272846,0.02928183964741269,1.2169212683540602,1.2270219629160766,1.159,1.156,True,0.04348241610359201,6.7583268270027475,24.98535442352295,0.0,0.860694811999565
oscillator,tau_syn,0.2,PC-EC,2,20,0.9990706514814369,0.999169832061696,0.9999724578660427,2.1433473458790857,0.027166186157091234,0.5208256444757859,0.5431011052855361,1.183,1.19,True,0.03846336156982638,4.741158837998228,17.794737815856934,2.875,0.8932383239989576
oscillator,tau_syn,0.2,PC-SC,2,20,0.9993845465462919,0.9994802900063355,0.9999828920656648,1.7134208881814188,0.021738695317674594,0.5208256444757859,0.5386978119524056,1.161,1.18,True,0.03077765590927932,7.374748554997495,22.035792350769043,0.5,0.8932383239989576
oscillator,tau_syn,0.2,PC-EC,3,20,0.9989667646811392,0.9915253670969402,0.9999963262166319,2.8014705649842564,0.042131863328571856,1.1358282606537975,1.1509352850923833,,1.169,False,0.06056349556745324,5.2327920440002345,17.28424644470215,0.0,0.9129119389981497
oscillator,tau_syn,0.2,PC-SC,3,20,0.9991901475321883,0.9942624245794291,0.999997473043956,2.146044729105185,0.03230778805309875,1.1358282606537975,1.1476055234712323,1.177,1.169,True,0.04646281182340362,7.346731583002111,24.961502075195312,4.609375,0.9129119389981497
oscillator,tau_syn,0.2,PC-EC,4,20,0.9992336331807701,0.9988248671018073,0.9999736515792853,2.6006830772660647,0.042208465847053206,1.051612715167274,1.0566420495082947,,1.163,False,0.061894592083006836,5.127167870999983,16.9205961227417,0.0,0.8892743010001141
oscillator,tau_syn,0.2,PC-SC,4,20,0.9991546977752974,0.9986977838287152,0.9999707821164602,2.7271615970469676,0.044263375285369236,1.051612715167274,1.0568997736832542,,1.159,False,0.0649007738590816,7.471614039997803,23.708903312683105,0.0,0.8892743010001141
oscillator,tau_syn,0.2,PC-EC,5,20,0.9975772956719688,0.9948074199120238,0.9999513482788229,3.5137534559250323,0.05021993583397804,0.18498898055319735,0.1614015502659042,,1.171,False,0.07210827072173387,4.555909647999215,16.800024032592773,0.0,0.9676468109973939
oscillator,tau_syn,0.2,PC-SC,5,20,0.9979150424711218,0.995884851070096,0.9999614025880437,3.178421637976475,0.04545692159789851,0.18498898055319735,0.1633512069415678,,1.172,False,0.06528251170983512,6.95902574199863,23.410983085632324,0.0,0.9676468109973939
oscillator,tau_syn,0.2,PC-EC,6,20,0.9990294219691871,0.999460094416482,0.9999851417970377,1.6216635870949583,0.020799005692868813,0.26609093301590003,0.2844165199563046,1.156,1.175,True,0.029485770023890828,4.728370521002944,18.214941024780273,0.0,0.9042829760001041
oscillator,tau_syn,0.2,PC-SC,6,20,0.9956042662309253,0.997382014714173,0.9999258325387158,3.5287819349719944,0.04514352243408499,0.26609093301590003,0.30599418640400045,,1.194,False,0.06400682001100072,7.05600781999965,23.91358470916748,6.5,0.9042829760001041
oscillator,tau_syn,0.2,PC-EC,7,20,0.9993561340639091,0.9993189454209026,0.9999783535896378,1.839799176511301,0.024971439485011102,0.6737939085247435,0.6918427811040961,1.165,1.174,True,0.03564491611105215,4.559320446998754,17.968966484069824,0.0,0.9133790039995802
oscillator,tau_syn,0.2,PC-SC,7,20,0.9932554769268602,0.10029137446276909,0.9997114991463933,6.120304342112725,0.08269757450720287,0.6737939085247435,0.7317681294989095,,1.121,False,0.11802266947711354,6.899020732998906,21.3399715423584,0.0,0.9133790039995802
oscillator,tau_syn,0.2,PC-EC,8,20,0.9989920784098569,0.9994555274328747,0.9999834837538307,1.9219949194294306,0.024164465224360505,0.40454762901995933,0.4248244545392794,1.169,1.184,True,0.03421129237118288,5.241899274002208,17.582250595092773,0.0,0.9650905269991199
oscillator,tau_syn,0.2,PC-SC,8,20,0.9987852781358908,0.9993248674032016,0.9999793703760411,2.13406307736667,0.026825916329152925,0.40454762901995933,0.42706533471474556,1.179,1.187,True,0.037980362444302675,7.146216961999016,24.22157096862793,0.0,0.9650905269991199
oscillator,tau_syn,0.2,PC-EC,9,20,0.9977627439916872,0.9984106488072392,0.9999578691860064,2.340908612559497,0.02946898271825851,0.21048963290622807,0.23609616691667082,1.193,1.193,True,0.041663233818433995,4.414401761998306,18.08942699432373,0.0,0.9256966579996515
oscillator,tau_syn,0.2,PC-SC,9,20,0.9983134204359106,0.9988113755172804,0.999968710544523,2.0252545307990744,0.025508450469501568,0.21048963290622807,0.23261528999615616,1.177,1.19,True,0.036062287215489354,6.8038435319977,25.54826259613037,1.0390625,0.9256966579996515
oscillator,tau_rc,0.005,PC-EC,0,20,0.9985250976630107,0.9994392679458382,0.9999881902195897,1.124500390730501,0.014242507236980612,0.4855360825230526,0.49730742152162777,1.066,1.113,True,0.02015505890891996,5.249991669999872,18.041605949401855,0.0,0.9788190229992324
oscillator,tau_rc,0.005,PC-SC,0,20,0.9979458567809919,0.999133890340321,0.9999815776619774,1.445165484282661,0.018213703895544654,0.4855360825230526,0.5005972690777779,1.07,1.091,True,0.025773261624925655,6.763924951002991,26.19143581390381,0.7734375,0.9788190229992324
oscillator,tau_rc,0.005,PC-EC,1,20,0.9989286930756109,0.9953176409198309,0.9999960525067964,0.9669620225408995,0.014963429484922134,1.137280903721406,1.139914524978307,1.066,1.107,True,0.021206797298475518,5.0747364519993425,18.1901273727417,0.0,0.8845169009982783
oscillator,tau_rc,0.005,PC-SC,1,20,0.9991147713775745,0.9962043437425618,0.9999967929904062,0.763923481733571,0.011928010434644587,1.137280903721406,1.1394640101586426,1.064,1.127,True,0.01690794069727304,6.943787667001743,25.78083038330078,0.0,0.8845169009982783
oscillator,tau_rc,0.005,PC-EC,2,20,0.9987291406681306,0.0739152960200532,0.9999494144776614,1.1073599123927522,0.014125669927874077,0.5655929515324737,0.5770826207850471,1.066,1.113,True,0.019984564358439677,4.612205159999576,17.461092948913574,0.0,0.9323701389985217
oscillator,tau_rc,0.005,PC-SC,2,20,0.9989076396182079,0.07398542142646614,0.9999628746643502,0.8861109616033795,0.01137224231799253,0.5655929515324737,0.5748186719477045,1.064,1.131,True,0.016097877437639928,6.657302270999935,23.92017650604248,0.0,0.9323701389985217
oscillator,tau_rc,0.005,PC-EC,3,20,0.9999546961678493,0.8674333339982959,0.9995575267671036,0.054783278681900555,0.0038903980121838236,1.1701053573794091,1.170513791357187,1.07,7.651,True,0.0023338849967628546,4.322785743999702,17.749117851257324,0.0,0.920511964999605
oscillator,tau_rc,0.005,PC-SC,3,20,0.9999726905264579,0.8708547759484726,0.9996855120016697,0.040239832544390085,0.0029464708926389576,1.1701053573794091,1.1704065182706567,1.065,7.639,True,0.0019410569576865698,6.48341676400014,27.87924098968506,1.2734375,0.920511964999605
oscillator,tau_rc,0.005,PC-EC,4,20,0.990394527682761,0.9929265126749491,0.9999935406358844,1.379016513077318,0.01780983949085652,0.9095145607839116,0.9208639239209931,1.07,1.092,True,0.025173788429693915,4.402308019001794,16.527318954467773,3.98828125,0.8901930479987641
oscillator,tau_rc,0.005,PC-SC,4,20,0.989997890938752,0.992461222518406,0.9999931754852438,1.445728987702267,0.01862907931839999,0.9095145607839116,0.92125522511244,1.07,1.09,True,0.026348115710233537,6.2497849089995725,25.640563011169434,10.88671875,0.8901930479987641
oscillator,tau_rc,0.005,PC-EC,5,20,0.9973314648469,0.9949626756331686,0.99998405241542,1.6668196131244604,0.01859883684136189,0.9739870920772822,0.9771473664158559,1.075,5.38,True,0.02573087359695158,4.540569976998086,16.6290922164917,0.0,0.8936792320018867
oscillator,tau_rc,0.005,PC-SC,5,20,0.9977815507932649,0.9957555958704204,0.9999867693194365,1.4883793714870237,0.016632565533974922,0.9739870920772822,0.9768403883558973,1.072,5.39,True,0.023010175288872736,6.583663459998206,25.148409843444824,0.0,0.8936792320018867
oscillator,tau_rc,0.005,PC-EC,6,20,0.9989996816291016,0.9996295446652774,0.9999950241115674,0.7922889876831951,0.010216267298385526,0.30959982879395964,0.3182219904754409,1.063,1.135,True,0.01445543582266062,5.236225111002568,18.3381986618042,0.0,0.9083828460024961
oscillator,tau_rc,0.005,PC-SC,6,20,0.9969583427311683,0.9988915470389539,0.9999800275153468,1.8798628338004857,0.02379800228594124,0.30959982879395964,0.3298930669602595,1.078,1.089,True,0.03369361055109633,6.218973852999625,25.59298610687256,0.296875,0.9083828460024961
oscillator,tau_rc,0.005,PC-EC,7,20,0.9996359085783313,0.9994841198683879,0.9999886198796989,0.968738406739423,0.010942894180492093,0.34502026074136466,0.34528370590101315,1.064,17.578,True,0.013819624968163626,5.181546277999587,17.714823722839355,0.0,0.8933159129992418
oscillator,tau_rc,0.005,PC-SC,7,20,0.9982981761099972,0.9968079876454138,0.9999148069550741,2.960665570735574,0.032773564019199876,0.34502026074136466,0.3467951049581768,16.775,17.603,True,0.04138528046529716,6.998124538000411,22.972265243530273,0.0,0.8933159129992418
oscillator,tau_rc,0.005,PC-EC,8,20,0.995211014109826,0.9968966372990358,0.9999961559702291,0.9501346606555661,0.012078435158417136,0.9475993817817533,0.9552393640530172,1.064,1.1300000000000001,True,0.017122682669660078,4.7954700459995365,18.676958084106445,0.0,0.8781598620007571
oscillator,tau_rc,0.005,PC-SC,8,20,0.993788544836002,0.9958740173104814,0.9999951858388687,1.0293054570374474,0.013095136368258238,0.9475993817817533,0.955813506108569,1.065,1.125,True,0.018574658356175004,6.394709070002136,24.13257884979248,0.0,0.8781598620007571
oscillator,tau_rc,0.005,PC-EC,9,20,0.9982922922528532,0.9992184964428095,0.9999873360561891,1.167617638783536,0.014893367200036298,0.31628962370434277,0.3289771863588276,1.066,1.11,True,0.021078648297099104,4.735406574000081,18.160372734069824,0.0,0.8825642680021701
oscillator,tau_rc,0.005,PC-SC,9,20,0.9985310080724445,0.9993265741426163,0.9999894625177352,1.054434394810748,0.013477072320963913,0.31628962370434277,0.32776106122617316,1.064,1.113,True,0.019073034620137812,6.8085787130003155,27.185824394226074,0.8125,0.8825642680021701
oscillator,tau_rc,0.01,PC-EC,0,20,0.9973451971938618,0.9981456398254828,0.9999692831831101,1.7455361129783844,0.02200421295045756,0.17129763897661865,0.19054078449322154,1.076,1.09,True,0.03112873535424822,4.907899484001973,17.49746608734131,3.98828125,0.933820823996939
oscillator,tau_rc,0.01,PC-SC,0,20,0.9959684214920815,0.9971152527473923,0.999949483797965,2.2461793945466035,0.02824755006381188,0.17129763897661865,0.19612875378657124,1.087,1.09,True,0.03995920640032052,6.632902487999672,24.789855003356934,6.875,0.933820823996939
oscillator,tau_rc,0.01,PC-EC,1,20,0.9987203802137835,0.9956199827747443,0.9999875795715072,1.6164000774307272,0.017035142615836364,0.8167410515867558,0.8276177003909196,1.074,6.043,True,0.02400131178044019,5.421714015999896,16.94284725189209,2.86328125,0.9816188690019771
oscillator,tau_rc,0.01,PC-SC,1,20,0.999030585970601,0.9966798680583147,0.9999906279969091,1.2864469570224668,0.013647207133722994,0.8167410515867558,0.8254869684392898,1.069,6.042,True,0.019220595076864327,7.313860189002298,24.13614559173584,1.125,0.9816188690019771
oscillator,tau_rc,0.01,PC-EC,2,20,0.9974940553162945,0.9966657125798504,0.9999438444519866,1.7062454068216688,0.021489328324412946,0.12134564625303716,0.1412953060493757,1.075,1.091,True,0.030397829288000923,4.663390257999708,16.851168632507324,0.0,0.9234442989982199
oscillator,tau_rc,0.01,PC-SC,2,20,0.9980407628422352,0.9976694636440314,0.9999630515069267,1.3606760833722067,0.017218615289555057,0.12134564625303716,0.13723238546027738,1.07,1.107,True,0.024358568189788862,6.430510524001875,22.066256523132324,0.0,0.9234442989982199
oscillator,tau_rc,0.01,PC-EC,3,20,0.9996899114387618,0.9967824707381585,0.9995935499677994,0.8202256280422122,0.01617731384938573,1.1149652480234982,1.1194209614561241,1.083,17.011,True,0.0023670059964200985,5.4100129260004906,17.710912704467773,0.0,0.8205593759994372
oscillator,tau_rc,0.01,PC-SC,3,20,0.9997636729548586,0.9962908423878012,0.9996529124528606,0.6462938165715629,0.01338960152367776,1.1149652480234982,1.1184739149099014,1.073,17.111,True,0.006831285620197747,6.417982636001398,25.310606956481934,10.98046875,0.8205593759994372
oscillator,tau_rc,0.01,PC-EC,4,20,0.9966568942553572,0.997474325893083,0.999931197116544,2.119378635968263,0.026599810982429334,0.46667411181540663,0.4900889712134274,1.083,1.09,True,0.03763070135972372,4.676393886998994,16.50500774383545,0.0,0.8477281590021448
oscillator,tau_rc,0.01,PC-SC,4,20,0.9965357843531422,0.9973030644082547,0.9999260678273492,2.1754084471601436,0.027312429144271604,0.46667411181540663,0.49075788495912015,1.084,1.09,True,0.03862228737834235,7.198334225999133,23.418158531188965,0.89453125,0.8477281590021448
oscillator,tau_rc,0.01,PC-EC,5,20,0.9956790270688733,0.13068884026608535,0.9999452489340295,2.6555059708610353,0.03340309471920613,0.6297249477485092,0.6529806102895641,14.862,1.092,True,0.0453105513717584,4.848289257999568,16.83313274383545,0.0,0.8141214879979088
oscillator,tau_rc,0.01,PC-SC,5,20,0.9964687650802259,0.1295930175294494,0.9999573654470983,2.294287665755649,0.02891075067932067,0.6297249477485092,0.6498388072587664,1.088,1.093,True,0.03921004218314324,6.4292959660015185,22.92049789428711,0.0,0.8141214879979088
oscillator,tau_rc,0.01,PC-EC,6,20,0.9981679446333778,0.9992589683227494,0.9999885993041614,1.2423159217141846,0.015619926007415595,0.35217015262766826,0.36598830841701124,1.068,1.108,True,0.02211629505447841,4.513179286001105,17.295832633972168,0.0,0.9068295109973405
oscillator,tau_rc,0.01,PC-SC,6,20,0.9955075007986024,0.9977135140823451,0.9999466770515748,2.7052422239701555,0.033557215486570986,0.35217015262766826,0.3820970130230298,1.105,1.091,True,0.047494022342250294,6.9574426879989915,24.036715507507324,0.0,0.9068295109973405
oscillator,tau_rc,0.01,PC-EC,7,20,0.9988627144481532,0.9941171543099374,0.9999937964620873,1.4610560014279326,0.015021583947916984,0.8483529775980254,0.8570160596393978,1.07,6.727,True,0.020997720794310684,5.229332612001599,16.382906913757324,0.00390625,0.9201864740025485
oscillator,tau_rc,0.01,PC-SC,7,20,0.9944241070247665,0.9696984461703748,0.9999686144153268,4.476209893768967,0.04548610816299616,0.8483529775980254,0.8736561960372928,,6.75,False,0.06354761220712982,6.699441180000576,21.21192741394043,0.0,0.9201864740025485
oscillator,tau_rc,0.01,PC-EC,8,20,0.989794838613317,0.9868193256560092,0.9999946251309233,1.4629778577322583,0.018658739382687934,0.9771356204754753,0.9878916527712063,1.071,1.092,True,0.026430291983150164,5.315503751000506,17.50629234313965,0.0,0.9680618109996431
oscillator,tau_rc,0.01,PC-SC,8,20,0.9870186395615572,0.984843106334182,0.9999935317876862,1.6357470504287805,0.02080668405777742,0.9771356204754753,0.9888746042681532,1.074,1.091,True,0.029493043313007707,6.689592154998536,24.186739921569824,0.0,0.9680618109996431
oscillator,tau_rc,0.01,PC-EC,9,20,0.997105381078051,0.9985268247322359,0.9999743147639074,1.7850218179941766,0.022692485749054907,0.2908530597732884,0.31133650524081236,1.076,1.09,True,0.0320959379869361,4.461919746998319,17.558871269226074,0.0,0.931590835996758
oscillator,tau_rc,0.01,PC-SC,9,20,0.9973063380423677,0.9986991296376797,0.9999780456013478,1.6568285602622836,0.02109825880836983,0.2908530597732884,0.3098770913419208,1.073,1.09,True,0.029840822062973286,6.35060473699923,25.3097562789917,0.5,0.931590835996758
oscillator,tau_rc,0.02,PC-EC,0,20,0.995376357442196,0.9971729012129171,0.9999528686264382,2.3434025042472997,0.029424581783977326,0.19664340226687707,0.2221853368091712,1.09,1.09,True,0.04166103893982704,4.699026490998222,17.07648277282715,0.41796875,0.9347169290012971
oscillator,tau_rc,0.02,PC-SC,0,20,0.9932229826347821,0.9958393324900476,0.9999267158976237,2.956852960991954,0.03705074351355097,0.19664340226687707,0.22897698466614133,,1.085,False,0.05246151209630282,7.388551264000853,23.874967575073242,4.59765625,0.9347169290012971
oscillator,tau_rc,0.02,PC-EC,1,20,0.9975223216264687,0.9913608117698782,0.9999830964762075,2.0876258963801932,0.022018597612382736,0.8988952223651023,0.911158721458343,1.084,5.372,True,0.030899388573865653,4.8708438700014085,15.637685775756836,0.38671875,0.8988812490024429
oscillator,tau_rc,0.02,PC-SC,1,20,0.998150948711749,0.9933251328791086,0.9999874004501782,1.6593553345259524,0.01757051148219651,0.8988952223651023,0.9087126925801441,1.075,5.355,True,0.02466109334388383,6.549744725001801,23.260014533996582,3.05078125,0.8988812490024429
oscillator,tau_rc,0.02,PC-EC,2,20,0.9973312830039691,0.9988485922973618,0.9999694534794121,2.1377033983485747,0.02674965025888955,0.4657673143341868,0.4890618390186497,1.086,1.092,True,0.037846393789281764,4.501665398001933,16.953458786010742,0.9375,0.9349177250005596
oscillator,tau_rc,0.02,PC-SC,2,20,0.9978951840464823,0.9991458511139039,0.9999793977419451,1.7107109029537022,0.021476376360095594,0.4657673143341868,0.4844587326689783,1.076,1.091,True,0.030386279961189217,6.34895257700191,21.733884811401367,1.23046875,0.9349177250005596
oscillator,tau_rc,0.02,PC-EC,3,20,0.9964453135765403,0.9978185331705178,0.9999532936222877,2.8557139103659894,0.03476393717598729,0.4629445343351785,0.4912974795432365,5.8100000000000005,1.089,True,0.04928113147637194,5.350440024998534,16.279695510864258,0.0,0.9194178949983325
oscillator,tau_rc,0.02,PC-SC,3,20,0.9953543283863384,0.9980491611110519,0.9999535071757195,2.1817907540411405,0.026926452627180512,0.4629445343351785,0.48454584160561676,1.085,1.091,True,0.038517806527311856,6.955479624000873,23.568540573120117,2.3984375,0.9194178949983325
oscillator,tau_rc,0.02,PC-EC,4,20,0.9872747133684576,0.9767290995286029,0.9999866462159593,2.79211092625074,0.033591908573662614,0.8587204431591191,0.8429112946069924,1.105,1.089,True,0.04742146636935422,4.803578613002173,15.637460708618164,0.0,0.9538458479983092
oscillator,tau_rc,0.02,PC-SC,4,20,0.9871148315134468,0.9762426114694511,0.9999863463974613,2.9322083442311664,0.03525161033168852,0.8587204431591191,0.8421177291858637,29.286,1.088,True,0.04975673892775525,6.796643358000438,22.878411293029785,2.078125,0.9538458479983092
oscillator,tau_rc,0.02,PC-EC,5,20,0.992346923116704,0.09175448585382079,0.9998169319918797,3.4605468619368276,0.04916165672992371,0.5985566610655327,0.6348453660019565,,1.048,False,0.0698325629927455,4.59408505799729,16.341035842895508,0.00390625,0.9423834869994607
oscillator,tau_rc,0.02,PC-SC,5,20,0.9934283869716785,0.09143201757379371,0.9998429200897477,3.123056696447196,0.04438088122286179,0.5985566610655327,0.6313714984890161,,1.049,False,0.06305153219727114,6.318729787999473,23.029290199279785,2.23828125,0.9423834869994607
oscillator,tau_rc,0.02,PC-EC,6,20,0.9978264630268239,0.07421207774656863,0.9999162871668841,1.6236442159662423,0.020498761212284156,0.5577409504877844,0.57413733661241,1.074,1.09,True,0.029009128066334728,4.925248006002221,17.259034156799316,0.75390625,0.9221352960012155
oscillator,tau_rc,0.02,PC-SC,6,20,0.9947097128049807,0.0749396601845822,0.9997430519655418,3.5309677423359656,0.04420957476760106,0.5577409504877844,0.5929815135648674,,1.058,False,0.06256194011328244,6.524160693999875,23.664579391479492,1.796875,0.9221352960012155
oscillator,tau_rc,0.02,PC-EC,7,20,0.9989680599896467,0.9904722291105206,0.9999917818252684,1.8139230961668675,0.019412022693077995,0.8211657585866632,0.829819961669515,1.077,10.06,True,0.025861910083821105,4.469791130999511,16.818418502807617,0.00390625,0.9935889369990036
oscillator,tau_rc,0.02,PC-SC,7,20,0.9941766391107283,0.9393908339559827,0.9999530992968009,6.102950271338843,0.06449048239839207,0.8211657585866632,0.8481682656948345,,9.946,False,0.08584002038177867,7.764868343001581,20.398252487182617,0.0234375,0.9935889369990036
oscillator,tau_rc,0.02,PC-EC,8,20,0.9952180660648149,0.9967759095404101,0.9999349665078017,1.9289574032896635,0.02399814881633633,0.6981160842875862,0.7163929788496235,1.079,1.091,True,0.03394528190921653,4.3114443400008895,16.643556594848633,0.0,0.962633671999356
oscillator,tau_rc,0.02,PC-SC,8,20,0.9949401413210618,0.9965605571835223,0.9999308306771328,2.1284502506968517,0.026421957699218127,0.6981160842875862,0.7182359167174195,1.084,1.092,True,0.03736004537478398,6.447172968000814,23.693212509155273,2.6171875,0.962633671999356
oscillator,tau_rc,0.02,PC-EC,9,20,0.9953586228277681,0.9948741435400292,0.9999036861202562,2.3543928625485653,0.029476681004635328,0.1519522871775245,0.17844013609812145,1.09,1.09,True,0.041686801669510776,4.49874043300224,17.166139602661133,0.0,0.9385116140001628
oscillator,tau_rc,0.02,PC-SC,9,20,0.9962576057113806,0.995786929450893,0.999921022919968,2.0350564194087957,0.02553472884107181,0.1519522871775245,0.1747980942358366,1.081,1.09,True,0.03612095141276291,6.671723202998692,25.037992477416992,2.3671875,0.9385116140001628
oscillator,tau_rc,0.05,PC-EC,0,20,0.9953202335254365,0.997985155296476,0.9999399295073076,2.939734266618469,0.03638286713389499,0.4786536440853255,0.5090373547634831,,1.088,False,0.05147689785638146,4.618471249999857,16.837897300720215,0.0,0.9488012879992311
oscillator,tau_rc,0.05,PC-SC,0,20,0.9933841620826133,0.9963694339658549,0.999898526655822,3.709231179124945,0.045811148256529016,0.4786536440853255,0.5168995024809065,,1.058,False,0.06481838385069941,7.055566515002283,23.53345775604248,0.0,0.9488012879992311
oscillator,tau_rc,0.05,PC-EC,1,20,0.993257325337527,0.9965515314604476,0.9999583610779867,2.6501210718391413,0.031645244538438644,0.6863467963532093,0.7098694589086768,1.103,1.094,True,0.044625710777158864,5.062972896001156,15.654765129089355,0.00390625,0.9450295950009604
oscillator,tau_rc,0.05,PC-SC,1,20,0.9954606604424584,0.9976675486600437,0.9999735010206015,2.0187356378314165,0.024170114896394437,0.6863467963532093,0.7043119497133076,1.082,1.095,True,0.034064986343989676,6.536492883999017,22.220251083374023,0.0,0.9450295950009604
oscillator,tau_rc,0.05,PC-EC,2,20,0.9957202433161658,0.997998690335758,0.9999455594000222,2.6684787422657905,0.033503962687551556,0.47532981962543047,0.5033614785098084,1.104,1.09,True,0.04744541919496597,5.239354520002962,16.432467460632324,0.0,0.994034819999797
oscillator,tau_rc,0.05,PC-SC,2,20,0.996813348035285,0.9986246401968627,0.9999645408723793,2.1266361003691694,0.026761638334976186,0.47532981962543047,0.49766777091904385,1.085,1.091,True,0.037908805248665,7.621862865998992,21.356600761413574,0.0,0.994034819999797
oscillator,tau_rc,0.05,PC-EC,3,20,0.986287715497154,0.9780620726730228,0.9999663525058297,3.475617899641475,0.042853403049993015,1.1014599433047525,1.113899801977743,,1.061,False,0.06064798719511553,4.89091000299959,15.131014823913574,0.0,1.0317207279986178
oscillator,tau_rc,0.05,PC-SC,3,20,0.9898331643092786,0.9846479095596603,0.9999757754208968,2.632815105308044,0.03257277613394212,1.1014599433047525,1.1109103584162403,1.104,1.091,True,0.04617906839854429,6.749516200001381,23.410502433776855,0.0,1.0317207279986178
oscillator,tau_rc,0.05,PC-EC,4,20,0.9828835291893905,0.14453923825026593,0.9998985916624246,3.478056403767086,0.04145771778639348,1.0771726268115778,1.0722841981429894,,1.06,False,0.0586679873183257,5.337826897000923,15.564674377441406,0.0,1.0093986749998294
oscillator,tau_rc,0.05,PC-SC,4,20,0.9816870816883778,0.1449269068736302,0.9998885657201457,3.613901906834128,0.043068906850842,1.0771726268115778,1.0720099728439196,,1.058,False,0.060945096666179324,6.658825372996944,21.56897258758545,0.0,1.0093986749998294
oscillator,tau_rc,0.05,PC-EC,5,20,0.9873650992245586,0.9633184687881421,0.999931956586296,4.379253136398289,0.05974528482099085,0.7978922924772731,0.833460416486043,,1.045,False,0.08731141194921659,5.130374166998081,15.412875175476074,0.00390625,1.0471158289983578
oscillator,tau_rc,0.05,PC-SC,5,20,0.9902084326216598,0.9725689944660338,0.9999462163102333,3.6690625621766237,0.05016195566339411,0.7978922924772731,0.8279302428619899,,1.048,False,0.0733434413513298,6.941424829998141,22.093050956726074,0.0,1.0471158289983578
oscillator,tau_rc,0.05,PC-EC,6,20,0.9962585429567785,0.9980255042430899,0.9999681765534989,1.9383377493600644,0.02449278750552789,0.2437607360745948,0.2661631864752674,1.08,1.09,True,0.03475880620926758,5.750629368998489,17.1843900680542,0.0,0.9964204319985583
oscillator,tau_rc,0.05,PC-SC,6,20,0.988190161988211,0.9926329645546675,0.9998550410821024,4.2583188462631,0.05331632586877628,0.2437607360745948,0.2929490733878928,,1.054,False,0.07565923107077036,7.170700898001087,22.76850414276123,0.0,0.9964204319985583
oscillator,tau_rc,0.05,PC-EC,7,20,0.9968189436062711,0.9977560819604094,0.9999353830354349,2.2790340212343456,0.025132207036623798,0.5264359648920031,0.5473676937888169,1.089,1.103,True,0.035480727494531426,5.828016807001404,15.485880851745605,0.0,1.0904522330019972
oscillator,tau_rc,0.05,PC-SC,7,20,0.9813544298464869,0.10105000727047347,0.9994024933870527,7.535621967535992,0.08188084142568292,0.5264359648920031,0.5946109661565719,,1.071,False,0.11555541683234145,7.0570533749996684,19.517980575561523,0.0,1.0904522330019972
oscillator,tau_rc,0.05,PC-EC,8,20,0.9952439395496219,0.9878220595809268,0.9998303130658313,2.3386846834953614,0.029572237463371696,0.06442067479558115,0.09065801159991507,1.089,1.089,True,0.04182850134136877,5.256968386998778,16.779215812683105,0.0,1.048238448001939
oscillator,tau_rc,0.05,PC-SC,8,20,0.9939202076257052,0.9850240341911707,0.9997955544287485,2.630849089886417,0.03318831095307586,0.06442067479558115,0.09401667640425522,1.1,1.088,True,0.04693365308911302,6.878815783999016,23.419042587280273,0.0,1.048238448001939
oscillator,tau_rc,0.05,PC-EC,9,20,0.9940518672905296,0.7612628426375541,0.9997740047229431,2.8568002691247973,0.035585818433699935,0.036036136789777566,0.06097447916154164,,1.085,False,0.05041737304128838,4.831136222001078,16.5159330368042,0.0,0.8948946679993242
oscillator,tau_rc,0.05,PC-SC,9,20,0.9955869142027389,0.765037599562213,0.9997996214268386,2.5362185284384937,0.031586057980719326,0.036036136789777566,0.05758894606420719,1.095,1.089,True,0.04472561755024769,7.241300017998583,23.160380363464355,0.0,0.8948946679993242
oscillator,tau_ref,0.001,PC-EC,0,20,0.9904636444103538,0.9917200948124005,0.9999877823247751,2.9295501929404826,0.03654083280231455,0.5213139832956069,0.4945553280108883,,1.086,False,0.05172157242819781,4.476576780001778,16.46040153503418,0.0,0.885150578997127
oscillator,tau_ref,0.001,PC-SC,0,20,0.9881326126108019,0.9904110787041651,0.9999853687070208,3.4636474350194146,0.04314948705221186,0.5213139832956069,0.4896831887624762,,1.059,False,0.06106011591632724,6.503516552002111,23.359952926635742,0.0,0.885150578997127
oscillator,tau_ref,0.001,PC-EC,1,20,0.9970925823361938,0.9904300142782381,0.9999790256384364,2.4081062876259014,0.022027385532146938,0.9433644793199781,0.9503097540587637,1.096,6.593,True,0.030795775368252194,4.401410934999149,16.08375358581543,0.0,0.8323033069973462
oscillator,tau_ref,0.001,PC-SC,1,20,0.9978591369358116,0.9932790200039293,0.9999842604316437,1.960929044195407,0.018014803871532117,0.9433644793199781,0.9491768080965101,1.082,6.587,True,0.02517986317774146,6.350130493003235,22.596285820007324,0.0,0.8323033069973462
oscillator,tau_ref,0.001,PC-EC,2,20,0.9947643301089977,0.9966455881781928,0.9999315751309066,2.567859291629527,0.03198727966980841,0.7278731365111845,0.7522136536652516,1.101,1.093,True,0.045259101376510784,3.955155294002907,16.4006404876709,0.0,0.849247499001649
oscillator,tau_ref,0.001,PC-SC,2,20,0.9957495054452494,0.9974119807131336,0.9999471083789488,2.0364864996569247,0.025432072400031508,0.7278731365111845,0.747264408142456,1.084,1.093,True,0.03599020172145204,6.923676959999284,21.52930736541748,0.0,0.849247499001649
oscillator,tau_ref,0.001,PC-EC,3,20,0.9906428737345776,0.9760739366898401,0.999979873421937,3.298020522901763,0.04047057063375735,0.9384712548759965,0.9615163279895778,,1.067,False,0.057192975597518105,5.24965017300201,15.457125663757324,0.0,0.823124092999933
oscillator,tau_ref,0.001,PC-SC,3,20,0.9828290167021168,0.9696994014349527,0.9999691126088528,2.641296910916314,0.032924542490510376,0.9384712548759965,0.9569702559895565,1.104,1.09,True,0.046981269035475684,6.68842892199973,23.81214427947998,0.0,0.823124092999933
oscillator,tau_ref,0.001,PC-EC,4,20,0.9985042609608592,0.9961789671023809,0.9999566442777619,2.262253247876158,0.04176989390291796,1.322008807251412,1.3250003978318021,,1.059,False,0.05847699049113499,4.483231047001027,17.231061935424805,0.0,0.8203294149971043
oscillator,tau_ref,0.001,PC-SC,4,20,0.9983795337118359,0.995693118854684,0.9999536499017938,2.3197109998008143,0.042847549443108146,1.322008807251412,1.3248097392493992,,1.058,False,0.05995093330131175,6.653436504002457,23.933566093444824,0.0,0.8203294149971043
oscillator,tau_ref,0.001,PC-EC,5,20,0.9901579738843129,0.9858007931003792,0.9998698735904996,4.062043851064014,0.07709718284122649,0.42820617963549834,0.45747686681694355,,1.029,False,0.11037649631346198,4.1811419620025845,16.70203399658203,0.0,0.8511631380024482
oscillator,tau_ref,0.001,PC-SC,5,20,0.9917708794128596,0.988924754692495,0.9998972803951323,3.538106921738259,0.06716850091407474,0.42820617963549834,0.4531661302312092,,1.032,False,0.09633288964688909,6.16730625800119,23.753942489624023,0.0,0.8511631380024482
oscillator,tau_ref,0.001,PC-EC,6,20,0.9955925003899084,0.12624910882805257,0.9999563039545891,1.9758534163506631,0.024670423511123075,0.7513506106428611,0.7697016740284497,1.081,1.092,True,0.034942710727644134,4.473164568000357,16.629733085632324,0.0,0.8312764929978584
oscillator,tau_ref,0.001,PC-SC,6,20,0.9892103968272016,0.13385993748188868,0.9999022797322091,4.103626416560937,0.050880758150965884,0.7513506106428611,0.7885743809312817,,1.056,False,0.07205920192256796,6.720029904998228,22.659208297729492,0.0,0.8312764929978584
oscillator,tau_ref,0.001,PC-EC,7,20,0.9990346090114355,0.9961138670316265,0.9998950789413223,2.2473050618983366,0.021063609523810905,0.4539310285494423,0.4705473696082181,1.088,8.073,True,0.02870737161473844,4.46023444200182,16.548749923706055,0.0,0.8322453219989256
oscillator,tau_ref,0.001,PC-SC,7,20,0.9935544850891652,-0.7749225078473785,0.9990705400999698,6.814300752924821,0.06307240149004703,0.4539310285494423,0.5052035706419019,,8.114,False,0.08587390481918505,7.187285776999488,20.005794525146484,0.0,0.8322453219989256
oscillator,tau_ref,0.001,PC-EC,8,20,0.9959958485328202,0.9980771235493858,0.9999579247948156,2.3029704873467214,0.0289976750815954,0.2990969810580824,0.32569320530878515,1.09,1.091,True,0.040931717658049815,4.567013550000411,16.912936210632324,0.0,0.8194173569972918
oscillator,tau_ref,0.001,PC-SC,8,20,0.9951670527286575,0.997606200788186,0.9999455494295382,2.5936762884313493,0.032617786421034384,0.2990969810580824,0.329029447388632,1.101,1.091,True,0.046049067919112445,6.130283770999085,23.23084831237793,0.0,0.8194173569972918
oscillator,tau_ref,0.001,PC-EC,9,20,0.9949956918668439,0.9976851952808558,0.9999498260503594,2.7055271122739493,0.033790527119977744,0.3034171315802052,0.3324674472935834,1.107,1.09,True,0.047791832831686164,4.249218889999611,16.8635892868042,0.0,0.8821316760004265
oscillator,tau_ref,0.001,PC-SC,9,20,0.9955373960694118,0.9982242409318847,0.9999614645748844,2.4045988760746475,0.030100033799209766,0.3034171315802052,0.32924745723867443,1.093,1.091,True,0.04260193370243647,6.3282428339989565,24.051180839538574,0.0,0.8821316760004265
oscillator,tau_ref,0.002,PC-EC,0,20,0.995376357442196,0.9971729012129171,0.9999528686264382,2.3434025042472997,0.029424581783977326,0.19664340226687707,0.2221853368091712,1.09,1.09,True,0.04166103893982704,4.699026490998222,17.07648277282715,0.41796875,0.9347169290012971
oscillator,tau_ref,0.002,PC-SC,0,20,0.9932229826347821,0.9958393324900476,0.9999267158976237,2.956852960991954,0.03705074351355097,0.19664340226687707,0.22897698466614133,,1.085,False,0.05246151209630282,7.388551264000853,23.874967575073242,4.59765625,0.9347169290012971
oscillator,tau_ref,0.002,PC-EC,1,20,0.9975223216264687,0.9913608117698782,0.9999830964762075,2.0876258963801932,0.022018597612382736,0.8988952223651023,0.911158721458343,1.084,5.372,True,0.030899388573865653,4.8708438700014085,15.637685775756836,0.38671875,0.8988812490024429
oscillator,tau_ref,0.002,PC-SC,1,20,0.998150948711749,0.9933251328791086,0.9999874004501782,1.6593553345259524,0.01757051148219651,0.8988952223651023,0.9087126925801441,1.075,5.355,True,0.02466109334388383,6.549744725001801,23.260014533996582,3.05078125,0.8988812490024429
oscillator,tau_ref,0.002,PC-EC,2,20,0.9973312830039691,0.9988485922973618,0.9999694534794121,2.1377033983485747,0.02674965025888955,0.4657673143341868,0.4890618390186497,1.086,1.092,True,0.037846393789281764,4.501665398001933,16.953458786010742,0.9375,0.9349177250005596
oscillator,tau_ref,0.002,PC-SC,2,20,0.9978951840464823,0.9991458511139039,0.9999793977419451,1.7107109029537022,0.021476376360095594,0.4657673143341868,0.4844587326689783,1.076,1.091,True,0.030386279961189217,6.34895257700191,21.733884811401367,1.23046875,0.9349177250005596
oscillator,tau_ref,0.002,PC-EC,3,20,0.9964453135765403,0.9978185331705178,0.9999532936222877,2.8557139103659894,0.03476393717598729,0.4629445343351785,0.4912974795432365,5.8100000000000005,1.089,True,0.04928113147637194,5.350440024998534,16.279695510864258,0.0,0.9194178949983325
oscillator,tau_ref,0.002,PC-SC,3,20,0.9953543283863384,0.9980491611110519,0.9999535071757195,2.1817907540411405,0.026926452627180512,0.4629445343351785,0.48454584160561676,1.085,1.091,True,0.038517806527311856,6.955479624000873,23.568540573120117,2.3984375,0.9194178949983325
oscillator,tau_ref,0.002,PC-EC,4,20,0.9872747133684576,0.9767290995286029,0.9999866462159593,2.79211092625074,0.033591908573662614,0.8587204431591191,0.8429112946069924,1.105,1.089,True,0.04742146636935422,4.803578613002173,15.637460708618164,0.0,0.9538458479983092
oscillator,tau_ref,0.002,PC-SC,4,20,0.9871148315134468,0.9762426114694511,0.9999863463974613,2.9322083442311664,0.03525161033168852,0.8587204431591191,0.8421177291858637,29.286,1.088,True,0.04975673892775525,6.796643358000438,22.878411293029785,2.078125,0.9538458479983092
oscillator,tau_ref,0.002,PC-EC,5,20,0.992346923116704,0.09175448585382079,0.9998169319918797,3.4605468619368276,0.04916165672992371,0.5985566610655327,0.6348453660019565,,1.048,False,0.0698325629927455,4.59408505799729,16.341035842895508,0.00390625,0.9423834869994607
oscillator,tau_ref,0.002,PC-SC,5,20,0.9934283869716785,0.09143201757379371,0.9998429200897477,3.123056696447196,0.04438088122286179,0.5985566610655327,0.6313714984890161,,1.049,False,0.06305153219727114,6.318729787999473,23.029290199279785,2.23828125,0.9423834869994607
oscillator,tau_ref,0.002,PC-EC,6,20,0.9978264630268239,0.07421207774656863,0.9999162871668841,1.6236442159662423,0.020498761212284156,0.5577409504877844,0.57413733661241,1.074,1.09,True,0.029009128066334728,4.925248006002221,17.259034156799316,0.75390625,0.9221352960012155
oscillator,tau_ref,0.002,PC-SC,6,20,0.9947097128049807,0.0749396601845822,0.9997430519655418,3.5309677423359656,0.04420957476760106,0.5577409504877844,0.5929815135648674,,1.058,False,0.06256194011328244,6.524160693999875,23.664579391479492,1.796875,0.9221352960012155
oscillator,tau_ref,0.002,PC-EC,7,20,0.9989680599896467,0.9904722291105206,0.9999917818252684,1.8139230961668675,0.019412022693077995,0.8211657585866632,0.829819961669515,1.077,10.06,True,0.025861910083821105,4.469791130999511,16.818418502807617,0.00390625,0.9935889369990036
oscillator,tau_ref,0.002,PC-SC,7,20,0.9941766391107283,0.9393908339559827,0.9999530992968009,6.102950271338843,0.06449048239839207,0.8211657585866632,0.8481682656948345,,9.946,False,0.08584002038177867,7.764868343001581,20.398252487182617,0.0234375,0.9935889369990036
oscillator,tau_ref,0.002,PC-EC,8,20,0.9952180660648149,0.9967759095404101,0.9999349665078017,1.9289574032896635,0.02399814881633633,0.6981160842875862,0.7163929788496235,1.079,1.091,True,0.03394528190921653,4.3114443400008895,16.643556594848633,0.0,0.962633671999356
oscillator,tau_ref,0.002,PC-SC,8,20,0.9949401413210618,0.9965605571835223,0.9999308306771328,2.1284502506968517,0.026421957699218127,0.6981160842875862,0.7182359167174195,1.084,1.092,True,0.03736004537478398,6.447172968000814,23.693212509155273,2.6171875,0.962633671999356
oscillator,tau_ref,0.002,PC-EC,9,20,0.9953586228277681,0.9948741435400292,0.9999036861202562,2.3543928625485653,0.029476681004635328,0.1519522871775245,0.17844013609812145,1.09,1.09,True,0.041686801669510776,4.49874043300224,17.166139602661133,0.0,0.9385116140001628
oscillator,tau_ref,0.002,PC-SC,9,20,0.9962576057113806,0.995786929450893,0.999921022919968,2.0350564194087957,0.02553472884107181,0.1519522871775245,0.1747980942358366,1.081,1.09,True,0.03612095141276291,6.671723202998692,25.037992477416992,2.3671875,0.9385116140001628
oscillator,tau_ref,0.003,PC-EC,0,20,0.9970390556468525,0.9946573185329854,0.9999146710448679,1.8385118123984134,0.023274201770906496,0.08395639447917798,0.10484759323611681,1.076,1.089,True,0.032951680890880256,4.352084441998159,17.493078231811523,0.0,0.8483545979979681
oscillator,tau_ref,0.003,PC-SC,0,20,0.9953247077752458,0.9906530398066131,0.9998567822511555,2.4741713524214344,0.031195267646041858,0.08395639447917798,0.11223454298237209,1.093,1.088,True,0.04415528916728975,6.480704429002799,24.888827323913574,0.25,0.8483545979979681
oscillator,tau_ref,0.003,PC-EC,1,20,0.9982155040692262,0.9981402667743358,0.9999672814727627,1.763225123261634,0.01929478432298324,0.6219238397948353,0.636891489876378,1.075,1.127,True,0.02721463637127731,4.362250515001506,16.5925350189209,0.0,0.8083997950016055
oscillator,tau_ref,0.003,PC-SC,1,20,0.9988052958596805,0.998781753599113,0.9999794053306412,1.3044325307630231,0.01439342391507382,0.6219238397948353,0.6330720839880902,1.068,1.149,True,0.020296308317255877,6.450817763998202,24.040746688842773,0.0,0.8083997950016055
oscillator,tau_ref,0.003,PC-EC,2,20,0.9971295239431831,0.9968687813481287,0.9999927719489099,1.7774071330333325,0.022193316707612733,0.36502316478065777,0.3479587265780269,1.075,1.089,True,0.03137101299998271,4.735123777001718,17.7367000579834,0.0,0.8617497570012347
oscillator,tau_ref,0.003,PC-SC,2,20,0.9979043442616685,0.9973698179492736,0.9999946012113925,1.3929303145149108,0.01747222470936694,0.36502316478065777,0.35170225950156825,1.069,1.105,True,0.024694166278049663,6.13481859699823,22.28270721435547,0.0,0.8617497570012347
oscillator,tau_ref,0.003,PC-EC,3,20,0.999488957574779,0.9983506909099495,0.9996361507690702,1.330797216353901,0.021550321198970202,0.8527943797847461,0.8611019075382492,1.088,20.695,True,0.0034519019110048296,4.794123048999609,16.662875175476074,0.0,0.8660669089986186
oscillator,tau_ref,0.003,PC-SC,3,20,0.9996861628692013,0.9990099588414858,0.9997899005374216,0.9990734330113457,0.016401722792670853,0.8527943797847461,0.8590197299842419,1.075,20.603,True,0.005338597780767812,5.654664843001228,24.79114055633545,0.0,0.8660669089986186
oscillator,tau_ref,0.003,PC-EC,4,20,0.9896378512774984,0.987163144836673,0.9999896884651642,2.24503103056319,0.02765656351424878,0.7164599341609141,0.6992844635145818,1.084,1.089,True,0.039109148846310435,5.006237982001039,16.533873558044434,4.62109375,0.857626128999982
oscillator,tau_ref,0.003,PC-SC,4,20,0.9889314914453666,0.9865033583690372,0.9999889590317548,2.3264250776307733,0.02864552082399128,0.7164599341609141,0.6986200336766744,1.086,1.088,True,0.04050215770141139,6.5333373510002275,23.579840660095215,0.75,0.857626128999982
oscillator,tau_ref,0.003,PC-EC,5,20,0.9917067254592571,0.09178968940013776,0.9998322841156803,2.943564678762713,0.04014627811441161,0.5531191784962313,0.5832761536784216,,1.054,False,0.05635668171928669,4.623734710999997,16.532870292663574,0.0,0.8614164159989741
oscillator,tau_ref,0.003,PC-SC,5,20,0.9939815257445215,0.09221657660167276,0.9998616893617481,2.488545065064427,0.034019179972569945,0.5531191784962313,0.5790957235771845,1.095,1.081,True,0.047728162975841676,6.000059459001932,23.271578788757324,0.0,0.8614164159989741
oscillator,tau_ref,0.003,PC-EC,6,20,0.9983288876780916,0.9993744184129665,0.9999897874116286,1.2431179129722993,0.015787651242777808,0.3620268346889722,0.37563916308988576,1.067,1.108,True,0.022354531821073338,4.323577051000029,17.605563163757324,0.0,0.833270495000761
oscillator,tau_ref,0.003,PC-SC,6,20,0.9946266809755875,0.9974997467024496,0.9999423217540382,3.0144827733588384,0.03785888562023489,0.3620268346889722,0.3948840468286149,,1.085,False,0.05359439065048189,6.824259146000259,23.039034843444824,0.0,0.833270495000761
oscillator,tau_ref,0.003,PC-EC,7,20,0.9978514021018404,0.06468984367070046,0.9998753446858264,1.4671433615404939,0.017552133901899233,0.07715858022994174,0.08860783949251923,1.07,1.112,True,0.02485827169044894,4.417439872002433,16.63440704345703,0.0,0.8615634460002184
oscillator,tau_ref,0.003,PC-SC,7,20,0.984898338014175,0.07757056474129481,0.9995544329077624,5.259499458850561,0.06187577396969511,0.07715858022994174,0.12603122707136813,,1.056,False,0.08764520385309876,5.592810438000015,20.839521408081055,0.0,0.8615634460002184
oscillator,tau_ref,0.003,PC-EC,8,20,0.9975239545777705,0.9989632329816573,0.9999815130769891,1.5667636971448764,0.019806598095978123,0.3390218556447607,0.3560276657494813,1.071,1.089,True,0.027998009682392556,4.381631563002884,17.74848747253418,0.0,0.8198130439996021
oscillator,tau_ref,0.003,PC-SC,8,20,0.9972977907807423,0.9988467901872013,0.9999797790937974,1.6783126799510095,0.02119501973229573,0.3390218556447607,0.35724211063498407,1.073,1.089,True,0.02994633784100774,6.830841384999076,24.10339641571045,0.0,0.8198130439996021
oscillator,tau_ref,0.003,PC-EC,9,20,0.9975129924811883,0.9967289354462793,0.9999811834770859,1.9683429089426077,0.02459638404179137,0.16320337936135354,0.14314936664617284,1.078,1.089,True,0.03480254520510622,4.96322877500279,17.203402519226074,0.0,0.8693183420000423
oscillator,tau_ref,0.003,PC-SC,9,20,0.9979460017297203,0.9971844678822963,0.999984937681957,1.7138911559477537,0.02145835028557756,0.16320337936135354,0.14569816182072243,1.073,1.089,True,0.030361449701141702,5.961870150000323,24.550169944763184,2.50390625,0.8693183420000423
oscillator,tau_ref,0.004,PC-EC,0,20,0.9975226073602226,0.998233839796935,0.9999752549071226,1.3455050122272558,0.017234512489628876,0.1566935517626642,0.17174216253029737,1.068,1.104,True,0.024395266953593668,4.587707228001818,17.2719144821167,0.0,0.8902980179991573
oscillator,tau_ref,0.004,PC-SC,0,20,0.9961153176598463,0.9969581555770108,0.9999544569415058,1.9112198951726118,0.02429284162202494,0.1566935517626642,0.17811282682604163,1.077,1.088,True,0.03438975080203355,6.199519699999655,25.862555503845215,4.74609375,0.8902980179991573
oscillator,tau_ref,0.004,PC-EC,1,20,0.9981863028863989,0.999065363366358,0.9999826699188026,1.3961558568597994,0.01578190127282087,1.0387765017133785,1.0387139667873295,1.068,1.117,True,0.022365400017274252,4.411336152999866,16.727367401123047,5.37109375,0.8609049400001823
oscillator,tau_ref,0.004,PC-SC,1,20,0.9988638086263009,0.9994705034655353,0.9999906036308036,0.964352479559954,0.011002520109867535,1.0387765017133785,1.0388131437952408,1.063,1.1380000000000001,True,0.0155868896521952,6.453181061999203,25.04696559906006,2.00390625,0.8609049400001823
oscillator,tau_ref,0.004,PC-EC,2,20,0.9982694500660076,0.994016013903698,0.9999110133010309,1.314419124891518,0.016556038860940956,0.03136607650868937,0.0352831851127902,1.067,1.106,True,0.023432166647736948,4.653428910001821,16.9008207321167,0.0,0.847777025999676
oscillator,tau_ref,0.004,PC-SC,2,20,0.9987632878505983,0.9960057450215618,0.9999385581458662,1.036362781043262,0.013105108082064802,0.03136607650868937,0.033861412686892835,1.064,1.1260000000000001,True,0.018543857789966787,6.86559389499962,23.4929838180542,0.0,0.847777025999676
oscillator,tau_ref,0.004,PC-EC,3,20,0.9995922961597945,0.9980359336438005,0.9999606358094861,1.2112808539977453,0.01899520331626429,1.060890665974805,1.0624180211667043,1.075,29.297,True,0.026439950297225203,4.49694556400209,17.6400203704834,0.0,0.8885987909998221
oscillator,tau_ref,0.004,PC-SC,3,20,0.9997492916152986,0.9987609687789929,0.9999764967679381,0.8704348499274677,0.013841633021433517,1.060890665974805,1.0620810358302537,1.067,29.29,True,0.019356304587244754,5.980337303997658,26.090033531188965,5.99609375,0.8885987909998221
oscillator,tau_ref,0.004,PC-EC,4,20,0.9965101994956773,0.9940798316313566,0.9999900155423649,1.6791321475007053,0.020986263427644952,0.2973780832622348,0.28258029431477794,1.072,1.087,True,0.029697102754866762,4.170722391998424,16.73756217956543,4.62109375,0.8734419979991799
oscillator,tau_ref,0.004,PC-SC,4,20,0.9964518982143163,0.9938723386072017,0.9999897703141831,1.7550930060877838,0.02192547362545125,0.2973780832622348,0.28196784667265834,1.073,1.087,True,0.031013915048188612,6.057800263002719,24.210570335388184,3.00390625,0.8734419979991799
oscillator,tau_ref,0.004,PC-EC,5,20,0.993447028203239,0.997606606256471,0.9999530098169807,2.3771724849321814,0.03010870081581539,0.6071662155113793,0.6308656175785436,1.088,1.086,True,0.042726668403183,4.38532835499791,17.101110458374023,0.0,0.8053296329999284
oscillator,tau_ref,0.004,PC-SC,5,20,0.9958162159887263,0.998464454179659,0.9999709576962228,1.8421363289299073,0.02343333754933351,0.6071662155113793,0.6258615852980334,1.075,1.088,True,0.033219167982016434,6.153172094000183,24.135287284851074,0.0,0.8053296329999284
oscillator,tau_ref,0.004,PC-EC,6,20,0.9986398614080723,0.9996297416180189,0.9999914401612329,0.8894168511496525,0.011439201078966597,0.5343597981027929,0.5435679292724558,1.062,1.131,True,0.016173708218681592,4.502100187000906,18.368627548217773,0.0,0.837629146000836
oscillator,tau_ref,0.004,PC-SC,6,20,0.9963363754289406,0.9981457498184847,0.9999493756364961,2.2943708408716583,0.028900100610966328,0.5343597981027929,0.5577316273028771,1.086,1.087,True,0.040874411119153534,6.488039571999252,24.094650268554688,0.25,0.837629146000836
oscillator,tau_ref,0.004,PC-EC,7,20,0.9969834658351231,0.9950842964149262,0.9999945430499769,1.0473315809240047,0.012720520491097955,0.5778517535561415,0.569158569767753,1.063,1.131,True,0.01806822869560209,4.552073325998208,17.8471736907959,0.0,0.8333931050001411
oscillator,tau_ref,0.004,PC-SC,7,20,0.9799957495313862,0.9729657526455984,0.9999725546195365,4.497028289483764,0.053297063744400665,0.5778517535561415,0.540114469859242,,1.055,False,0.07555117840852114,6.328708753000683,21.6831693649292,0.0,0.8333931050001411
oscillator,tau_ref,0.004,PC-EC,8,20,0.9983972055529842,0.9994805093565788,0.9999895422772723,1.1761854964358776,0.014880236127868268,0.47420600658405365,0.4865983281303374,1.065,1.11,True,0.02104450328383846,4.460177958000713,18.041354179382324,0.0,0.8654480780023732
oscillator,tau_ref,0.004,PC-SC,8,20,0.9983924740667323,0.9994754198414877,0.9999892447943104,1.1990429916712941,0.015171392893544407,0.47420600658405365,0.4868737484702179,1.066,1.109,True,0.021443857699181754,6.057535912001185,25.510191917419434,7.5,0.8654480780023732
oscillator,tau_ref,0.004,PC-EC,9,20,0.9977816144491902,0.9977967949089553,0.9999591163917385,1.4531379436859488,0.01852103476528697,0.16521070369257215,0.1819388256725013,1.069,1.089,True,0.026208708964310497,5.01824471800137,17.8207426071167,0.0,0.8980889000013121
oscillator,tau_ref,0.004,PC-SC,9,20,0.998169345357986,0.9982582888336966,0.9999685184703525,1.2896117242050802,0.01646471506138275,0.16521070369257215,0.18005258853887124,1.067,1.106,True,0.02329638484779797,6.013451785001962,26.524176597595215,0.44921875,0.8980889000013121
oscillator,ridge_lambda_rec,1e-05,PC-EC,0,20,0.9963319263548107,0.9897119878785707,0.9999157293757295,2.383674033757949,0.029737486114444777,0.05804321397854376,0.036246889156935955,1.09,1.09,True,0.042074360974957765,4.52214905800065,17.07214641571045,0.0,0.8812766610026301
oscillator,ridge_lambda_rec,1e-05,PC-SC,0,20,0.9948363440767585,0.979190821509967,0.9998774591769618,3.0061634355517484,0.03741974671168873,0.05804321397854376,0.03256131979547173,,1.083,False,0.05294652347082792,7.396636623001541,23.932711601257324,0.0,0.8812766610026301
oscillator,ridge_lambda_rec,1e-05,PC-EC,1,20,0.9996200290562642,0.9968408711981913,0.9998727170751147,0.9947080970739308,0.030805547684623204,1.8494206042788797,1.8510449220018246,,30.0,False,0.04327498597692943,5.36260518799827,18.188090324401855,0.0,0.8922994960012147
oscillator,ridge_lambda_rec,1e-05,PC-SC,1,20,0.9997522715381777,0.9978264310903955,0.9999123435057597,0.7907871730997378,0.024605303227004886,1.8494206042788797,1.8507927407966047,1.076,30.0,True,0.03455103995756917,6.37771956099823,26.058130264282227,0.765625,0.8922994960012147
oscillator,ridge_lambda_rec,1e-05,PC-EC,2,20,0.9988733995784409,0.9984059311333425,0.9999689613970271,1.7766978255282804,0.024492284162735627,1.0280517553730153,1.0310986787804084,1.087,1.1,True,0.03454900703669415,4.8118434229982086,17.461912155151367,5.37109375,0.8818106239996268
oscillator,ridge_lambda_rec,1e-05,PC-SC,2,20,0.9991874114888536,0.9988678195888976,0.9999789657969967,1.422388475289809,0.01967844257568739,1.0280517553730153,1.0305985490171519,1.077,1.102,True,0.027757937606826003,6.546800145999441,22.42188835144043,1.4921875,0.8818106239996268
oscillator,ridge_lambda_rec,1e-05,PC-EC,3,20,0.9996775931628369,0.9928706342401662,0.9995004705201684,0.4407636422420719,0.014317864025204187,1.1064893528664828,1.105920991327652,9.321,10.491,True,0.0032336135677082586,4.270704769001895,17.875460624694824,1.01171875,0.8423649439973815
oscillator,ridge_lambda_rec,1e-05,PC-SC,3,20,0.9997988507304219,0.9943121018017881,0.9996342512562117,0.3392014974483809,0.011196161393320967,1.1064893528664828,1.1060498550892262,1.085,10.449,True,0.004184585850905927,6.216596742000547,24.96523952484131,5.50390625,0.8423649439973815
oscillator,ridge_lambda_rec,1e-05,PC-EC,4,20,0.9937688429932588,0.1029101382974979,0.9998364354235115,2.711317057750142,0.0343152089583587,0.6792927164557058,0.7064353750180286,1.105,1.087,True,0.0486022741169312,4.269922747000237,15.730963706970215,7.875,0.8309939259997918
oscillator,ridge_lambda_rec,1e-05,PC-SC,4,20,0.9935170305649716,0.10317997656581857,0.9998289799525479,2.8469503052172227,0.03601180240871176,0.6792927164557058,0.7077929705554479,,1.084,False,0.051001333960935674,7.053569535000861,22.94733238220215,0.0,0.8309939259997918
oscillator,ridge_lambda_rec,1e-05,PC-EC,5,20,0.9914351573397346,0.9845795242898655,0.9999650966964712,3.518253881592286,0.04834965215888806,0.3043471064580288,0.2720937835210256,,1.049,False,0.06830090171984156,4.952657531997829,16.275912284851074,0.0,0.8146039849998488
oscillator,ridge_lambda_rec,1e-05,PC-SC,5,20,0.9927148318857331,0.9871597255439526,0.9999718285522495,3.174019751022753,0.043656367410615064,0.3043471064580288,0.2751866432493948,,1.051,False,0.061706101668491505,6.305407993997505,22.95740795135498,0.0,0.8146039849998488
oscillator,ridge_lambda_rec,1e-05,PC-EC,6,20,0.9977555507827671,0.9992352135080447,0.9999850305592137,1.6218657723580754,0.020777693077624747,0.4278309850468416,0.4447323510513046,1.074,1.089,True,0.029371411928955257,4.599441107999155,17.219454765319824,0.0,0.8129488580016186
oscillator,ridge_lambda_rec,1e-05,PC-SC,6,20,0.9947954232217842,0.9975251910021958,0.9999344830945737,3.5295830817347316,0.044731545305575895,0.4278309850468416,0.46438241169599026,,1.057,False,0.063196917223378,6.363320904001739,23.7085599899292,0.0,0.8129488580016186
oscillator,ridge_lambda_rec,1e-05,PC-EC,7,20,0.9975933525300935,0.997282661327993,0.999979608179687,1.868632843367264,0.023360554226999942,0.11085639007640871,0.09327854732423103,1.077,1.091,True,0.03304211852294039,4.455842227998801,17.104830741882324,0.0,0.8083568469992315
oscillator,ridge_lambda_rec,1e-05,PC-SC,7,20,0.9841291178558427,0.9637723429818514,0.9997629843414922,6.275920626237548,0.0775137177374749,0.11085639007640871,0.06559313577741221,,1.05,False,0.10956263289047166,6.998330779999378,20.784274101257324,0.0,0.8083568469992315
oscillator,ridge_lambda_rec,1e-05,PC-EC,8,20,0.9965189959680016,0.9982783894463566,0.9999664432905682,1.929130573983565,0.024560819217733475,0.2902383543606099,0.3117670955272229,1.079,1.09,True,0.03476186448382054,4.551602531999379,16.674044609069824,0.0,0.8220998760007205
oscillator,ridge_lambda_rec,1e-05,PC-SC,8,20,0.9962485179084046,0.9980581687991917,0.9999593112950331,2.129015230497408,0.02703897276988357,0.2902383543606099,0.3139920370578627,1.084,1.09,True,0.03825115980966317,6.2224880030007625,23.557963371276855,0.0,0.8220998760007205
oscillator,ridge_lambda_rec,1e-05,PC-EC,9,20,0.9965448875159328,0.9954669993535457,0.9999588127160903,2.392018037680854,0.02978476411669683,0.09728195959099638,0.07661090691186784,1.09,1.089,True,0.04213887923147208,4.303217824999592,17.179659843444824,0.0,0.8903898980024678
oscillator,ridge_lambda_rec,1e-05,PC-SC,9,20,0.997152424022161,0.9965889133874928,0.9999679737089283,2.0674270015080167,0.02580267073862336,0.09728195959099638,0.07909923222342016,1.081,1.09,True,0.036534648623898894,5.779883487997722,25.06783962249756,5.49609375,0.8903898980024678
oscillator,ridge_lambda_rec,0.0001,PC-EC,0,20,0.9955390108000254,0.9957886706552519,0.9999289892953234,2.343673309680101,0.02968465946651539,0.12453457927152786,0.15074293935923375,1.09,1.09,True,0.041994452612310586,4.58525245400233,17.16195583343506,5.37109375,0.8617795649988693
oscillator,ridge_lambda_rec,0.0001,PC-SC,0,20,0.9934505757623636,0.9936387379018677,0.9998901513303297,2.9576534361810976,0.03737811127227911,0.12453457927152786,0.15776152607490282,,1.084,False,0.05287238090303415,6.424257637001574,23.935362815856934,2.6171875,0.8617795649988693
oscillator,ridge_lambda_rec,0.0001,PC-EC,1,20,0.9995748304999887,0.998337971636621,0.9999644940728858,1.1081025004637288,0.03180765553937653,1.75840674145291,1.7617495639038472,,30.0,False,0.0444672093475343,5.017381850000675,18.248995780944824,0.0,0.8282518570013053
oscillator,ridge_lambda_rec,0.0001,PC-SC,1,20,0.9997225289938831,0.9989014328469903,0.9999764986348774,0.8810954808594791,0.025385061895984044,1.75840674145291,1.7611240348527086,1.076,30.0,True,0.03544921629594096,6.314397009002278,25.989691734313965,6.890625,0.8282518570013053
oscillator,ridge_lambda_rec,0.0001,PC-EC,2,20,0.9984403416354326,0.9973047553859529,0.9999772902646453,1.9127800608986183,0.025425761317599653,1.0474496966798317,1.050466652742291,1.087,1.097,True,0.035846946357593286,4.2899685589982255,17.31875514984131,5.37109375,0.8495701409992762
oscillator,ridge_lambda_rec,0.0001,PC-SC,2,20,0.9988822281518803,0.9980201466329592,0.9999843153567642,1.530731604243219,0.02042333852708993,1.0474496966798317,1.0499855595552983,1.077,1.096,True,0.02879814722580708,6.5027504509998835,22.318846702575684,2.00390625,0.8495701409992762
oscillator,ridge_lambda_rec,0.0001,PC-EC,3,20,0.9998539768982748,0.745788194798199,0.9990805013936072,0.09197415361945735,0.006837220019162443,1.1835717334472595,1.1835264873187648,6.324,7.508,True,0.0032755963631013177,5.203183051999076,17.49402141571045,0.0,0.8605701410015172
oscillator,ridge_lambda_rec,0.0001,PC-SC,3,20,0.9998962685144646,0.7021370105148828,0.9989352344899143,0.06979114535980398,0.005527012448012484,1.1835717334472595,1.1835412900070181,1.085,7.429,True,0.0035559261707008762,6.9050592460007465,24.61611843109131,0.61328125,0.8605701410015172
oscillator,ridge_lambda_rec,0.0001,PC-EC,4,20,0.9821086726953607,0.987325976120594,0.999986561256123,2.7005016595857265,0.03439831581705459,0.8946580817585927,0.9164191097351146,1.105,1.086,True,0.048651961843515196,4.618315881001763,15.744051933288574,0.0,0.8537293249974027
oscillator,ridge_lambda_rec,0.0001,PC-SC,4,20,0.9817730338582078,0.9866560663919044,0.9999857467180885,2.835564472539568,0.03610070470908776,0.8946580817585927,0.9175072352912955,,1.084,False,0.051057613271102836,6.008605541999714,22.928263664245605,0.0,0.8537293249974027
oscillator,ridge_lambda_rec,0.0001,PC-EC,5,20,0.9908701445028367,0.9842580514714434,0.9999684634533927,3.5185447139318757,0.04847055366581826,0.31415390142585237,0.2822022322289805,,1.049,False,0.06829387408315575,4.76531347999844,16.27234172821045,0.0,0.8826060800020059
oscillator,ridge_lambda_rec,0.0001,PC-SC,5,20,0.9922787051458872,0.9868990413785113,0.9999743733535773,3.174594382667628,0.04376326611461799,0.31415390142585237,0.2852668367041991,,1.051,False,0.06169827209217514,6.103082092999102,22.939608573913574,0.0,0.8826060800020059
oscillator,ridge_lambda_rec,0.0001,PC-EC,6,20,0.9975951839368874,0.9992134872025691,0.9999854338858001,1.6217996576258196,0.02076316516381895,0.42405033940101977,0.44127380277361716,1.074,1.089,True,0.029357110408272918,4.51340267300111,17.263381958007812,0.0,0.8552574310015189
oscillator,ridge_lambda_rec,0.0001,PC-SC,6,20,0.9944127619048402,0.9975605392831118,0.9999368468906649,3.5289984771347647,0.04469826924059654,0.42405033940101977,0.4612853212623618,,1.057,False,0.06317167930124747,6.180515406998893,23.8076810836792,0.0,0.8552574310015189
oscillator,ridge_lambda_rec,0.0001,PC-EC,7,20,0.9967346235368326,0.9981519952958844,0.9999631200446857,1.8394533378878912,0.023547712157915304,0.20236001022556496,0.222892643455855,1.077,1.09,True,0.03332567938622863,4.400745721999556,17.11786937713623,0.0,0.8682027459981327
oscillator,ridge_lambda_rec,0.0001,PC-SC,7,20,0.9787220615414487,0.983018491793048,0.999644195715321,6.180772901345863,0.0780745693135136,0.20236001022556496,0.27188858162750673,,1.049,False,0.11039207406187557,6.220716477000678,20.851179122924805,0.0,0.8682027459981327
oscillator,ridge_lambda_rec,0.0001,PC-EC,8,20,0.996661790059507,0.9984958943895004,0.9999694042044759,1.9298630748428558,0.024522405617831897,0.3280774866799061,0.3493561868306412,1.079,1.09,True,0.034670513290600544,4.387576214998262,16.66174602508545,0.0,0.9285967210016679
oscillator,ridge_lambda_rec,0.0001,PC-SC,8,20,0.996411093881745,0.9982889036085117,0.9999628744671585,2.1297848078486394,0.026998312295563362,0.3280774866799061,0.3515517872765064,1.084,1.09,True,0.0381669736947226,6.20081400500203,23.597021102905273,0.0,0.9285967210016679
oscillator,ridge_lambda_rec,0.0001,PC-EC,9,20,0.9961888887323886,0.6530578258860439,0.9997982391007347,2.3831788938695224,0.02976429104979316,0.014256510264381909,0.03881089510098377,1.09,1.089,True,0.04213387580304615,4.531741740996949,17.2228422164917,0.0,0.867266509001638
oscillator,ridge_lambda_rec,0.0001,PC-SC,9,20,0.996860343281545,0.655328417488034,0.9998244340767699,2.06060160935439,0.025787085224434222,0.014256510264381909,0.03501375198963383,1.081,1.09,True,0.03652942328296787,6.923833652002941,25.162901878356934,6.875,0.867266509001638
oscillator,ridge_lambda_rec,0.001,PC-EC,0,20,0.9962070923688842,0.6595498380269856,0.9997807964301566,2.376834668945717,0.029780951600883912,0.018178552300100934,0.04179831351468637,1.09,1.089,True,0.04222414783754636,4.416660343998956,17.16738796234131,6.875,0.8455509850027738
oscillator,ridge_lambda_rec,0.001,PC-SC,0,20,0.9945465965773842,0.6529883042167706,0.9997302807335329,2.9964366006631074,0.037478573497434914,0.018178552300100934,0.04901970264517355,,1.082,False,0.05312734884049585,6.473747584001103,23.968297004699707,1.25,0.8455509850027738
oscillator,ridge_lambda_rec,0.001,PC-EC,1,20,0.9970537279188824,0.9926754306228127,0.9999825785534623,2.1583582479359893,0.02260446056999291,0.746256642701337,0.7325638462280103,1.084,1.133,True,0.03176966825897011,4.815833979999297,15.683016777038574,0.0,0.8119227850002062
oscillator,ridge_lambda_rec,0.001,PC-SC,1,20,0.9978958555040311,0.9947293180585948,0.9999875087935106,1.714436368197972,0.01800946138207802,0.746256642701337,0.7354240934116346,1.075,1.157,True,0.02531401143590983,6.456659863000823,23.248629570007324,0.0,0.8119227850002062
oscillator,ridge_lambda_rec,0.001,PC-EC,2,20,0.9918382505005938,0.9873504615525903,0.9999945766818146,2.1081811571222837,0.026683282132462738,1.0871068322107997,1.096386920344074,1.086,1.093,True,0.0377191049177564,4.487982893002481,16.97314739227295,0.0,0.9034373829999822
oscillator,ridge_lambda_rec,0.001,PC-SC,2,20,0.9931981963699794,0.9885650923605782,0.9999954592483742,1.687113231126148,0.021421538528625717,1.0871068322107997,1.0946861105418269,1.077,1.092,True,0.03028654369863682,7.096846348998952,21.74902629852295,0.0,0.9034373829999822
oscillator,ridge_lambda_rec,0.001,PC-EC,3,20,0.9783130467959835,0.655658061856203,0.33465306084381347,21.109677863140895,0.0024977128487699896,1.2153361422785032,1.2153243129939082,5.3950000000000005,6.524,True,0.00348027905581026,4.5181122530011635,17.69459819793701,0.0,0.9560292379974271
oscillator,ridge_lambda_rec,0.001,PC-SC,3,20,0.9777587397204981,0.6543826034194093,0.31569547676767545,6.636995864763909,0.002483192692166422,1.2153361422785032,1.2153295303660006,1.085,6.486,True,0.0034608381569328616,6.596829695998167,24.916281700134277,6.73828125,0.9560292379974271
oscillator,ridge_lambda_rec,0.001,PC-EC,4,20,0.99446147615566,0.9960979893748727,0.9999149168795688,2.7129281312324727,0.03430213162159038,0.7394456255484457,0.7656580194578887,1.105,1.087,True,0.048495555946847756,5.2137110980002035,15.773192405700684,6.875,0.8375305970002955
oscillator,ridge_lambda_rec,0.001,PC-SC,4,20,0.9942285668629918,0.9959066023711466,0.9999100209709604,2.8485456105564118,0.035997706684670824,0.7394456255484457,0.7669687997268652,,1.085,False,0.050892445297178956,5.833438669000316,22.950987815856934,1.484375,0.8375305970002955
oscillator,ridge_lambda_rec,0.001,PC-EC,5,20,0.9918603681603373,0.986833119996031,0.9999353851662314,3.516923537246895,0.04888354839550579,0.14002078070338628,0.1205418096846624,,1.048,False,0.06940491203801719,4.363673411000491,16.288737297058105,0.0,0.8788753349981562
oscillator,ridge_lambda_rec,0.001,PC-SC,5,20,0.9932755246549592,0.9888148613274238,0.999945042652522,3.174164527110835,0.04412899288480422,0.14002078070338628,0.12194409113609819,,1.05,False,0.06266008929139526,6.330621458000678,22.93164348602295,0.0,0.8788753349981562
oscillator,ridge_lambda_rec,0.001,PC-EC,6,20,0.9977436586983002,0.9992062898487655,0.9999845951181014,1.6218619330125519,0.020633167843226136,0.4016997432658212,0.4191216025385422,1.074,1.09,True,0.029153997855938647,4.351909363998857,17.2807035446167,0.0,0.9529165439998906
oscillator,ridge_lambda_rec,0.001,PC-SC,6,20,0.9945780592420672,0.9972489603470095,0.9999279391130429,3.52932988573789,0.04445117252603778,0.4016997432658212,0.4394070139292692,,1.057,False,0.06280343230130805,6.714261598997837,23.72455883026123,0.0,0.9529165439998906
oscillator,ridge_lambda_rec,0.001,PC-EC,7,20,0.9969890969742079,0.9964874859301479,0.9999336421776167,1.8396873349796166,0.0234558613922616,0.1374251520106869,0.15898914771618583,1.077,1.09,True,0.03316435125297446,4.48082992000127,17.128336906433105,0.0,0.8527082709988463
oscillator,ridge_lambda_rec,0.001,PC-SC,7,20,0.978772702195452,0.05046743000820669,0.9995029962402113,6.196112602639024,0.07782094277284271,0.1374251520106869,0.21044763941089842,,1.05,False,0.10996459221323583,6.944273985998734,20.79724407196045,0.0,0.8527082709988463
oscillator,ridge_lambda_rec,0.001,PC-EC,8,20,0.9967794852866477,0.9987132603503628,0.9999735481994798,1.9304028923514573,0.024482479757473717,0.36932961802981856,0.3903303478078003,1.079,1.09,True,0.034677456664988206,4.335348110002087,16.683692932128906,0.0,0.9083878710007411
oscillator,ridge_lambda_rec,0.001,PC-SC,8,20,0.9965317566304828,0.9985496050237159,0.9999682518243598,2.130293131621375,0.026957156273655112,0.36932961802981856,0.3924920431843613,1.084,1.09,True,0.038180776283680384,6.098090373001469,23.608020782470703,0.0,0.9083878710007411
oscillator,ridge_lambda_rec,0.001,PC-EC,9,20,0.9963164940532969,0.6317939618171973,0.9997623061123431,2.3863041971367105,0.029762304751613206,0.013897912612285984,0.025584742458650608,1.09,1.089,True,0.042102244493582255,4.350285296997754,17.201754570007324,0.0,0.8666995839994343
oscillator,ridge_lambda_rec,0.001,PC-SC,9,20,0.9969751485753144,0.6418407363582803,0.999787979618753,2.0639221286790894,0.025783231150137986,0.013897912612285984,0.022097161069147046,1.081,1.09,True,0.03649831321529413,6.847293263999745,25.123114585876465,6.50390625,0.8666995839994343
oscillator,ridge_lambda_rec,0.01,PC-EC,0,20,0.995376357442196,0.9971729012129171,0.9999528686264382,2.3434025042472997,0.029424581783977326,0.19664340226687707,0.2221853368091712,1.09,1.09,True,0.04166103893982704,4.699026490998222,17.07648277282715,0.41796875,0.9347169290012971
oscillator,ridge_lambda_rec,0.01,PC-SC,0,20,0.9932229826347821,0.9958393324900476,0.9999267158976237,2.956852960991954,0.03705074351355097,0.19664340226687707,0.22897698466614133,,1.085,False,0.05246151209630282,7.388551264000853,23.874967575073242,4.59765625,0.9347169290012971
oscillator,ridge_lambda_rec,0.01,PC-EC,1,20,0.9975223216264687,0.9913608117698782,0.9999830964762075,2.0876258963801932,0.022018597612382736,0.8988952223651023,0.911158721458343,1.084,5.372,True,0.030899388573865653,4.8708438700014085,15.637685775756836,0.38671875,0.8988812490024429
oscillator,ridge_lambda_rec,0.01,PC-SC,1,20,0.998150948711749,0.9933251328791086,0.9999874004501782,1.6593553345259524,0.01757051148219651,0.8988952223651023,0.9087126925801441,1.075,5.355,True,0.02466109334388383,6.549744725001801,23.260014533996582,3.05078125,0.8988812490024429
oscillator,ridge_lambda_rec,0.01,PC-EC,2,20,0.9973312830039691,0.9988485922973618,0.9999694534794121,2.1377033983485747,0.02674965025888955,0.4657673143341868,0.4890618390186497,1.086,1.092,True,0.037846393789281764,4.501665398001933,16.953458786010742,0.9375,0.9349177250005596
oscillator,ridge_lambda_rec,0.01,PC-SC,2,20,0.9978951840464823,0.9991458511139039,0.9999793977419451,1.7107109029537022,0.021476376360095594,0.4657673143341868,0.4844587326689783,1.076,1.091,True,0.030386279961189217,6.34895257700191,21.733884811401367,1.23046875,0.9349177250005596
oscillator,ridge_lambda_rec,0.01,PC-EC,3,20,0.9964453135765403,0.9978185331705178,0.9999532936222877,2.8557139103659894,0.03476393717598729,0.4629445343351785,0.4912974795432365,5.8100000000000005,1.089,True,0.04928113147637194,5.350440024998534,16.279695510864258,0.0,0.9194178949983325
oscillator,ridge_lambda_rec,0.01,PC-SC,3,20,0.9953543283863384,0.9980491611110519,0.9999535071757195,2.1817907540411405,0.026926452627180512,0.4629445343351785,0.48454584160561676,1.085,1.091,True,0.038517806527311856,6.955479624000873,23.568540573120117,2.3984375,0.9194178949983325
oscillator,ridge_lambda_rec,0.01,PC-EC,4,20,0.9872747133684576,0.9767290995286029,0.9999866462159593,2.79211092625074,0.033591908573662614,0.8587204431591191,0.8429112946069924,1.105,1.089,True,0.04742146636935422,4.803578613002173,15.637460708618164,0.0,0.9538458479983092
oscillator,ridge_lambda_rec,0.01,PC-SC,4,20,0.9871148315134468,0.9762426114694511,0.9999863463974613,2.9322083442311664,0.03525161033168852,0.8587204431591191,0.8421177291858637,29.286,1.088,True,0.04975673892775525,6.796643358000438,22.878411293029785,2.078125,0.9538458479983092
oscillator,ridge_lambda_rec,0.01,PC-EC,5,20,0.992346923116704,0.09175448585382079,0.9998169319918797,3.4605468619368276,0.04916165672992371,0.5985566610655327,0.6348453660019565,,1.048,False,0.0698325629927455,4.59408505799729,16.341035842895508,0.00390625,0.9423834869994607
oscillator,ridge_lambda_rec,0.01,PC-SC,5,20,0.9934283869716785,0.09143201757379371,0.9998429200897477,3.123056696447196,0.04438088122286179,0.5985566610655327,0.6313714984890161,,1.049,False,0.06305153219727114,6.318729787999473,23.029290199279785,2.23828125,0.9423834869994607
oscillator,ridge_lambda_rec,0.01,PC-EC,6,20,0.9978264630268239,0.07421207774656863,0.9999162871668841,1.6236442159662423,0.020498761212284156,0.5577409504877844,0.57413733661241,1.074,1.09,True,0.029009128066334728,4.925248006002221,17.259034156799316,0.75390625,0.9221352960012155
oscillator,ridge_lambda_rec,0.01,PC-SC,6,20,0.9947097128049807,0.0749396601845822,0.9997430519655418,3.5309677423359656,0.04420957476760106,0.5577409504877844,0.5929815135648674,,1.058,False,0.06256194011328244,6.524160693999875,23.664579391479492,1.796875,0.9221352960012155
oscillator,ridge_lambda_rec,0.01,PC-EC,7,20,0.9989680599896467,0.9904722291105206,0.9999917818252684,1.8139230961668675,0.019412022693077995,0.8211657585866632,0.829819961669515,1.077,10.06,True,0.025861910083821105,4.469791130999511,16.818418502807617,0.00390625,0.9935889369990036
oscillator,ridge_lambda_rec,0.01,PC-SC,7,20,0.9941766391107283,0.9393908339559827,0.9999530992968009,6.102950271338843,0.06449048239839207,0.8211657585866632,0.8481682656948345,,9.946,False,0.08584002038177867,7.764868343001581,20.398252487182617,0.0234375,0.9935889369990036
oscillator,ridge_lambda_rec,0.01,PC-EC,8,20,0.9952180660648149,0.9967759095404101,0.9999349665078017,1.9289574032896635,0.02399814881633633,0.6981160842875862,0.7163929788496235,1.079,1.091,True,0.03394528190921653,4.3114443400008895,16.643556594848633,0.0,0.962633671999356
oscillator,ridge_lambda_rec,0.01,PC-SC,8,20,0.9949401413210618,0.9965605571835223,0.9999308306771328,2.1284502506968517,0.026421957699218127,0.6981160842875862,0.7182359167174195,1.084,1.092,True,0.03736004537478398,6.447172968000814,23.693212509155273,2.6171875,0.962633671999356
oscillator,ridge_lambda_rec,0.01,PC-EC,9,20,0.9953586228277681,0.9948741435400292,0.9999036861202562,2.3543928625485653,0.029476681004635328,0.1519522871775245,0.17844013609812145,1.09,1.09,True,0.041686801669510776,4.49874043300224,17.166139602661133,0.0,0.9385116140001628
oscillator,ridge_lambda_rec,0.01,PC-SC,9,20,0.9962576057113806,0.995786929450893,0.999921022919968,2.0350564194087957,0.02553472884107181,0.1519522871775245,0.1747980942358366,1.081,1.09,True,0.03612095141276291,6.671723202998692,25.037992477416992,2.3671875,0.9385116140001628
oscillator,ridge_lambda_rec,0.1,PC-EC,0,20,0.9933619971739955,0.996732200375807,0.9999576614678447,2.340353199650985,0.024697017931989813,0.683594965517293,0.7020835651545279,1.089,1.107,True,0.03475974637732583,4.246588878999319,16.87850856781006,7.375,0.8611765180030488
oscillator,ridge_lambda_rec,0.1,PC-SC,0,20,0.9906950589081722,0.9952550451631297,0.9999434156480019,2.951079393816208,0.031058990880480083,0.683594965517293,0.7068114180994116,5.658,1.11,True,0.043698288939320935,6.129380485002912,23.64749050140381,0.984375,0.8611765180030488
oscillator,ridge_lambda_rec,0.1,PC-EC,1,20,0.99720190751035,0.9934167101162104,0.9999806912789826,2.0119566631980232,0.017871295022450086,0.850825737049041,0.8549355719089439,1.083,5.607,True,0.025153048539287435,5.233387846001278,15.480692863464355,0.0,0.8464748480000708
oscillator,ridge_lambda_rec,0.1,PC-SC,1,20,0.9978354272243575,0.9952630508773079,0.9999852661074125,1.602037468031806,0.014309158556520294,0.850825737049041,0.8541583516175507,1.074,5.598,True,0.020147137840013665,5.963024725999276,23.088534355163574,0.0,0.8464748480000708
oscillator,ridge_lambda_rec,0.1,PC-EC,2,20,0.9977117396384145,0.9962357320064371,0.9999075825095507,2.1369763092309983,0.022114145051270656,0.34624632958953483,0.3662294732142601,1.085,5.28,True,0.031167259701093283,4.78623292300108,16.4473295211792,0.0,0.8612604860027204
oscillator,ridge_lambda_rec,0.1,PC-SC,2,20,0.9982655958720937,0.9976381683378777,0.999943482091384,1.7095672822000139,0.01775795498394975,0.34624632958953483,0.3621888022761232,1.076,5.274,True,0.025028412581052907,5.868799067000509,21.236831665039062,0.0,0.8612604860027204
oscillator,ridge_lambda_rec,0.1,PC-EC,3,20,0.9968542967826346,0.9969220331923907,0.9999614408354549,2.7223268164823766,0.03124740592885954,0.9030706606242314,0.9096560555362362,3.1670000000000003,1.1,True,0.044338612556914424,4.911433025998122,16.175936698913574,0.0,0.8288019409992557
oscillator,ridge_lambda_rec,0.1,PC-SC,3,20,0.9960247071849752,0.9973834825114298,0.9999644046367002,2.0768350089691547,0.024237420079983977,0.9030706606242314,0.9081377520618434,1.084,1.097,True,0.03473307378964443,6.352507725001487,23.4876070022583,0.0,0.8288019409992557
oscillator,ridge_lambda_rec,0.1,PC-EC,4,20,0.9987774736825061,0.9875676936079972,0.9999711177007213,3.3517578556121297,0.020720500102158847,0.804118070529333,0.8034316845048193,1.102,8.379,True,0.02804370471194615,4.592669683002896,14.3768949508667,0.0,0.79637697599901
oscillator,ridge_lambda_rec,0.1,PC-SC,4,20,0.9986900218202113,0.9869858780351226,0.9999693369794154,3.534144146275583,0.021838240047489948,0.804118070529333,0.8033913515914818,5.017,8.377,True,0.02957727446802774,6.608303279997926,21.579928398132324,0.0,0.79637697599901
oscillator,ridge_lambda_rec,0.1,PC-EC,5,20,0.9991270082013419,0.991517485278931,0.9998566939657654,3.7229546227148838,0.013109797875007467,0.7412741369337341,0.743131638217375,5.938,7.517,True,0.01736488387979787,4.405474264000077,14.95862102508545,0.0,0.8664983490016311
oscillator,ridge_lambda_rec,0.1,PC-SC,5,20,0.9992458036864842,0.9924268212511882,0.9998764040188821,3.3969086080416213,0.01197266308385149,0.7412741369337341,0.7429735272513531,5.619,7.5040000000000004,True,0.015898031191588776,6.161271339999075,21.701029777526855,0.0,0.8664983490016311
oscillator,ridge_lambda_rec,0.1,PC-EC,6,20,0.9968802612467915,0.9962003854297115,0.9999941456540206,1.5875641033848806,0.018323649022215838,1.0564845249334478,1.0601221826045395,1.073,1.101,True,0.025959219965772416,4.444525423001323,17.04700469970703,0.0,0.8433042180004122
oscillator,ridge_lambda_rec,0.1,PC-SC,6,20,0.9899773925353368,0.9899026816713197,0.9999826389441712,3.4526255827288974,0.039540768359580016,1.0564845249334478,1.0633802001888477,,1.098,False,0.05604440922598269,6.460115055000642,23.451571464538574,0.0,0.8433042180004122
oscillator,ridge_lambda_rec,0.1,PC-EC,7,20,0.9980826750766257,0.9939021055532982,0.9999895923720163,1.8163010225415603,0.016272272791959183,0.8889341739305432,0.8982772798941882,1.076,5.971,True,0.02280527173008523,4.51585082100064,16.601908683776855,0.0,0.8362388210007339
oscillator,ridge_lambda_rec,0.1,PC-SC,7,20,0.9864904466515705,0.9613830341924284,0.9999307602372086,6.113780413613473,0.05409760372485256,0.8889341739305432,0.9178011454240593,,5.982,False,0.07575406787205018,5.918311835001077,20.2913875579834,0.0,0.8362388210007339
oscillator,ridge_lambda_rec,0.1,PC-EC,8,20,0.9945305126136036,0.9917408345641874,0.9999910955058571,1.8959818001933808,0.01976355850168542,1.0083170809048412,1.014060384233388,1.079,5.136,True,0.027968338909637565,4.362096033000853,16.4967679977417,0.0,0.8518419900028675
oscillator,ridge_lambda_rec,0.1,PC-SC,8,20,0.9940282682998316,0.9914610135552582,0.9999905059597114,2.0909747256455518,0.021748730796927507,1.0083170809048412,1.0145948671176936,1.083,5.165,True,0.030770582163818595,5.709615990002931,23.46613597869873,0.0,0.8518419900028675
oscillator,ridge_lambda_rec,0.1,PC-EC,9,20,0.9964382675969864,0.9972003535279687,0.9999241467833511,2.3587345257725136,0.027504867955025474,0.5752088659668892,0.5980073108615247,1.089,1.094,True,0.03888744745169785,4.388516128001356,17.08863353729248,0.0,0.9009401060029631
oscillator,ridge_lambda_rec,0.1,PC-SC,9,20,0.9969003147553415,0.9976482041588502,0.9999354166436794,2.0399393252072,0.023839280823829658,0.5752088659668892,0.5949502230177905,1.08,1.094,True,0.033730170396147376,7.323986679999507,24.89095973968506,6.50390625,0.9009401060029631
oscillator,ridge_lambda_e,1e-05,PC-EC,0,20,0.995376357442196,0.9971729012129171,0.9999528686264382,2.3434025042472997,0.029424581783977326,0.19664340226687707,0.2221853368091712,1.09,1.09,True,0.04166103893982704,4.925877482000942,17.07632350921631,7.375,0.9347169290012971
oscillator,ridge_lambda_e,1e-05,PC-SC,0,20,0.9932551844270281,0.995829464293768,0.999926514977886,2.9566094377291816,0.03704516759132941,0.19664340226687707,0.22897441183698047,,1.085,False,0.05244697095104216,7.117400828999962,24.029964447021484,0.984375,0.9347169290012971
oscillator,ridge_lambda_e,1e-05,PC-EC,1,20,0.9975223216264687,0.9913608117698782,0.9999830964762075,2.0876258963801932,0.022018597612382736,0.8988952223651023,0.911158721458343,1.084,5.372,True,0.030899388573865653,4.424984396999207,15.668920516967773,0.0,0.8988812490024429
oscillator,ridge_lambda_e,1e-05,PC-SC,1,20,0.9980876333406304,0.9929050225710037,0.9999870429296001,1.6465443052793756,0.01742399105484742,0.8988952223651023,0.9085012842537018,1.075,5.367,True,0.024466368485725337,6.7790214059969,23.42312526702881,0.75,0.8988812490024429
oscillator,ridge_lambda_e,1e-05,PC-EC,2,20,0.9973312830039691,0.9988485922973618,0.9999694534794121,2.1377033983485747,0.02674965025888955,0.4657673143341868,0.4890618390186497,1.086,1.092,True,0.037846393789281764,4.4543998070003,16.98480796813965,0.0,0.9349177250005596
oscillator,ridge_lambda_e,1e-05,PC-SC,2,20,0.9979289602901081,0.9991510831866807,0.99997948138087,1.7101175157085193,0.02146383356088797,0.4657673143341868,0.4844508966305027,1.076,1.091,True,0.03036968258747855,7.175030588001391,21.902631759643555,0.0,0.9349177250005596
oscillator,ridge_lambda_e,1e-05,PC-EC,3,20,0.9964453135765403,0.9978185331705178,0.9999532936222877,2.8557139103659894,0.03476393717598729,0.4629445343351785,0.4912974795432365,5.8100000000000005,1.089,True,0.04928113147637194,4.586561078001978,16.279696464538574,0.0,0.9194178949983325
oscillator,ridge_lambda_e,1e-05,PC-SC,3,20,0.9956469694355412,0.9980404148955069,0.9999568936206231,2.1768365281933626,0.026831230640235154,0.4629445343351785,0.48452055548657,1.085,1.091,True,0.03833222491441379,6.076872055000422,23.582430839538574,0.0,0.9194178949983325
oscillator,ridge_lambda_e,1e-05,PC-EC,4,20,0.9872747133684576,0.9767290995286029,0.9999866462159593,2.79211092625074,0.033591908573662614,0.8587204431591191,0.8429112946069924,1.105,1.089,True,0.04742146636935422,4.465772103001655,15.637179374694824,0.0,0.9538458479983092
oscillator,ridge_lambda_e,1e-05,PC-SC,4,20,0.987130884836382,0.9761801858737618,0.9999863185489737,2.9329916173025383,0.0352631954301561,0.8587204431591191,0.8421258860864369,29.286,1.088,True,0.04977386843591223,6.59498034599892,22.893527030944824,0.0,0.9538458479983092
oscillator,ridge_lambda_e,1e-05,PC-EC,5,20,0.992346923116704,0.09175448585382079,0.9998169319918797,3.4605468619368276,0.04916165672992371,0.5985566610655327,0.6348453660019565,,1.048,False,0.0698325629927455,4.348617961997661,16.341036796569824,0.0,0.9423834869994607
oscillator,ridge_lambda_e,1e-05,PC-SC,5,20,0.9934528625568428,0.0913541982342847,0.9998414802065227,3.123074689389944,0.044383842253921425,0.5985566610655327,0.6313610021936614,,1.049,False,0.06306417141316058,6.174882325998624,23.044528007507324,0.0,0.9423834869994607
oscillator,ridge_lambda_e,1e-05,PC-EC,6,20,0.9978264630268239,0.07421207774656863,0.9999162871668841,1.6236442159662423,0.020498761212284156,0.5577409504877844,0.57413733661241,1.074,1.09,True,0.029009128066334728,4.081676313999196,17.258764266967773,0.0,0.9221352960012155
oscillator,ridge_lambda_e,1e-05,PC-SC,6,20,0.9946849366858553,0.07495098770128084,0.9997451913825649,3.5307369469951917,0.04420783115703072,0.5577409504877844,0.5929804140820788,,1.058,False,0.06256013016585835,6.676980606000143,23.6648588180542,0.0,0.9221352960012155
oscillator,ridge_lambda_e,1e-05,PC-EC,7,20,0.9989680599896467,0.9904722291105206,0.9999917818252684,1.8139230961668675,0.019412022693077995,0.8211657585866632,0.829819961669515,1.077,10.06,True,0.025861910083821105,4.314660153002478,16.85004997253418,0.0,0.9935889369990036
oscillator,ridge_lambda_e,1e-05,PC-SC,7,20,0.9939193741888925,0.9364075735879382,0.9999512324940873,6.106645976064186,0.06456386004315758,0.8211657585866632,0.8482193452546326,,9.92,False,0.08596267125536255,6.330882616999588,20.4620418548584,0.0,0.9935889369990036
oscillator,ridge_lambda_e,1e-05,PC-EC,8,20,0.9952180660648149,0.9967759095404101,0.9999349665078017,1.9289574032896635,0.02399814881633633,0.6981160842875862,0.7163929788496235,1.079,1.091,True,0.03394528190921653,4.460179894002067,16.675092697143555,0.0,0.962633671999356
oscillator,ridge_lambda_e,1e-05,PC-SC,8,20,0.9950605921727405,0.9966288406675832,0.9999313592704673,2.125854852460339,0.02638982477605571,0.6981160842875862,0.7182320475834613,1.084,1.092,True,0.03731282078791663,6.719447384999512,23.61841106414795,0.0,0.962633671999356
oscillator,ridge_lambda_e,1e-05,PC-EC,9,20,0.9953586228277681,0.9948741435400292,0.9999036861202562,2.3543928625485653,0.029476681004635328,0.1519522871775245,0.17844013609812145,1.09,1.09,True,0.041686801669510776,4.231865687001118,17.16614055633545,0.0,0.9385116140001628
oscillator,ridge_lambda_e,1e-05,PC-SC,9,20,0.9961983429588195,0.9958173007620122,0.9999223243461353,2.041276587887129,0.02563601885183962,0.1519522871775245,0.17488854169869145,1.081,1.09,True,0.03628471554817114,6.584204041999328,25.089232444763184,5.75390625,0.9385116140001628
oscillator,ridge_lambda_e,0.0001,PC-EC,0,20,0.995376357442196,0.9971729012129171,0.9999528686264382,2.3434025042472997,0.029424581783977326,0.19664340226687707,0.2221853368091712,1.09,1.09,True,0.04166103893982704,4.996358380998572,17.07632350921631,8.359375,0.9347169290012971
oscillator,ridge_lambda_e,0.0001,PC-SC,0,20,0.9932812434038244,0.9958489215641688,0.9999267603965623,2.9566888676699286,0.037044674202626034,0.19664340226687707,0.2289741968238807,,1.085,False,0.05242674512409943,6.407741267001256,23.84213161468506,0.75,0.9347169290012971
oscillator,ridge_lambda_e,0.0001,PC-EC,1,20,0.9975223216264687,0.9913608117698782,0.9999830964762075,2.0876258963801932,0.022018597612382736,0.8988952223651023,0.911158721458343,1.084,5.372,True,0.030899388573865653,4.562612359000923,15.637728691101074,0.0,0.8988812490024429
oscillator,ridge_lambda_e,0.0001,PC-SC,1,20,0.9980792907005475,0.9928731849628971,0.999986997455341,1.646727650210055,0.017428502466178598,0.8988952223651023,0.9085067689954924,1.075,5.367,True,0.024476584145016383,6.072430410997185,23.461615562438965,0.37109375,0.8988812490024429
oscillator,ridge_lambda_e,0.0001,PC-EC,2,20,0.9973312830039691,0.9988485922973618,0.9999694534794121,2.1377033983485747,0.02674965025888955,0.4657673143341868,0.4890618390186497,1.086,1.092,True,0.037846393789281764,4.75566072500078,16.984699249267578,0.0,0.9349177250005596
oscillator,ridge_lambda_e,0.0001,PC-SC,2,20,0.9979243271556935,0.9991502352387497,0.9999794855380988,1.710023428448147,0.021463080748742442,0.4657673143341868,0.4844495896191059,1.076,1.091,True,0.03036817004444851,6.72772187100054,21.879061698913574,0.0,0.9349177250005596
oscillator,ridge_lambda_e,0.0001,PC-EC,3,20,0.9964453135765403,0.9978185331705178,0.9999532936222877,2.8557139103659894,0.03476393717598729,0.4629445343351785,0.4912974795432365,5.8100000000000005,1.089,True,0.04928113147637194,4.972330756998417,16.279696464538574,0.0,0.9194178949983325
oscillator,ridge_lambda_e,0.0001,PC-SC,3,20,0.995622506938221,0.9980741643929374,0.9999579283678444,2.177207004278548,0.02683478706722067,0.4629445343351785,0.4845204734751737,1.085,1.091,True,0.03833725871538906,5.722049251002318,23.6880521774292,0.0,0.9194178949983325
oscillator,ridge_lambda_e,0.0001,PC-EC,4,20,0.9872747133684576,0.9767290995286029,0.9999866462159593,2.79211092625074,0.033591908573662614,0.8587204431591191,0.8429112946069924,1.105,1.089,True,0.04742146636935422,4.700641107003321,15.637179374694824,0.0,0.9538458479983092
oscillator,ridge_lambda_e,0.0001,PC-SC,4,20,0.9870890203231861,0.9760834847691281,0.9999862781572717,2.9330212315621496,0.03526461203512377,0.8587204431591191,0.8421256258235428,29.291,1.088,True,0.04977749927939337,6.800602774997969,22.8871488571167,0.0,0.9538458479983092
oscillator,ridge_lambda_e,0.0001,PC-EC,5,20,0.992346923116704,0.09175448585382079,0.9998169319918797,3.4605468619368276,0.04916165672992371,0.5985566610655327,0.6348453660019565,,1.048,False,0.0698325629927455,4.771665515996574,16.341036796569824,0.0,0.9423834869994607
oscillator,ridge_lambda_e,0.0001,PC-SC,5,20,0.9934675989300665,0.09131603802755522,0.9998408787965939,3.1230344509724253,0.04438381163031002,0.5985566610655327,0.6313633871617154,,1.049,False,0.06306622078154026,6.815280124999845,23.045016288757324,0.0,0.9423834869994607
oscillator,ridge_lambda_e,0.0001,PC-EC,6,20,0.9978264630268239,0.07421207774656863,0.9999162871668841,1.6236442159662423,0.020498761212284156,0.5577409504877844,0.57413733661241,1.074,1.09,True,0.029009128066334728,4.626355583997793,17.22767162322998,0.0,0.9221352960012155
oscillator,ridge_lambda_e,0.0001,PC-SC,6,20,0.9946951367599524,0.07492828967718784,0.9997441360801566,3.5305881724760293,0.04420663373289107,0.5577409504877844,0.5929786755068803,,1.058,False,0.06255712321000333,7.120254169003601,23.700472831726074,0.0,0.9221352960012155
oscillator,ridge_lambda_e,0.0001,PC-EC,7,20,0.9989680599896467,0.9904722291105206,0.9999917818252684,1.8139230961668675,0.019412022693077995,0.8211657585866632,0.829819961669515,1.077,10.06,True,0.025861910083821105,4.469836710999516,16.81855297088623,0.0,0.9935889369990036
oscillator,ridge_lambda_e,0.0001,PC-SC,7,20,0.9938861510641015,0.936120441730117,0.9999509809771386,6.106575750071296,0.0645651370029769,0.8211657585866632,0.8482153820078318,,9.921,False,0.08596192604903646,6.891994330999296,20.4598445892334,0.0,0.9935889369990036
oscillator,ridge_lambda_e,0.0001,PC-EC,8,20,0.9952180660648149,0.9967759095404101,0.9999349665078017,1.9289574032896635,0.02399814881633633,0.6981160842875862,0.7163929788496235,1.079,1.091,True,0.03394528190921653,4.357236356001522,16.64355754852295,0.0,0.962633671999356
oscillator,ridge_lambda_e,0.0001,PC-SC,8,20,0.9950403517136607,0.9966223761311318,0.9999313240414547,2.1259224237103487,0.02639108797501283,0.6981160842875862,0.7182320673268857,1.084,1.092,True,0.03731020523458575,7.097971316001349,23.647738456726074,0.0,0.962633671999356
oscillator,ridge_lambda_e,0.0001,PC-EC,9,20,0.9953586228277681,0.9948741435400292,0.9999036861202562,2.3543928625485653,0.029476681004635328,0.1519522871775245,0.17844013609812145,1.09,1.09,True,0.041686801669510776,4.564404368000396,17.166300773620605,0.0,0.9385116140001628
oscillator,ridge_lambda_e,0.0001,PC-SC,9,20,0.996189058144276,0.9958041507425326,0.9999219922975948,2.0401885880412634,0.02561932257560969,0.1519522871775245,0.17487367340635715,1.081,1.09,True,0.036247258173909495,6.257530675000453,25.07797145843506,6.5078125,0.9385116140001628
oscillator,ridge_lambda_e,0.001,PC-EC,0,20,0.995376357442196,0.9971729012129171,0.9999528686264382,2.3434025042472997,0.029424581783977326,0.19664340226687707,0.2221853368091712,1.09,1.09,True,0.04166103893982704,4.226971034000599,17.07632350921631,8.359375,0.9347169290012971
oscillator,ridge_lambda_e,0.001,PC-SC,0,20,0.9934033797184694,0.9959626997777279,0.9999268312027474,2.9566491781362974,0.03703746067362753,0.19664340226687707,0.22897410870870546,,1.085,False,0.05243418839618188,6.436442253998393,23.894904136657715,1.30859375,0.9347169290012971
oscillator,ridge_lambda_e,0.001,PC-EC,1,20,0.9975223216264687,0.9913608117698782,0.9999830964762075,2.0876258963801932,0.022018597612382736,0.8988952223651023,0.911158721458343,1.084,5.372,True,0.030899388573865653,4.625906534998649,15.637545585632324,0.0,0.8988812490024429
oscillator,ridge_lambda_e,0.001,PC-SC,1,20,0.9980800687775243,0.9929919085597785,0.9999870423319215,1.648022075499189,0.01744510778617081,0.8988952223651023,0.9085280594655526,1.075,5.367,True,0.024491780082561997,6.9233371279988205,23.298694610595703,0.0,0.8988812490024429
oscillator,ridge_lambda_e,0.001,PC-EC,2,20,0.9973312830039691,0.9988485922973618,0.9999694534794121,2.1377033983485747,0.02674965025888955,0.4657673143341868,0.4890618390186497,1.086,1.092,True,0.037846393789281764,4.344752651999443,16.98505210876465,0.0,0.9349177250005596
oscillator,ridge_lambda_e,0.001,PC-SC,2,20,0.9979347432401062,0.9991480941147721,0.9999794142924194,1.7099645567177948,0.02146141613786524,0.4657673143341868,0.4844486178505541,1.076,1.091,True,0.030365509353414116,6.214062372000626,21.872164726257324,0.0,0.9349177250005596
oscillator,ridge_lambda_e,0.001,PC-EC,3,20,0.9964453135765403,0.9978185331705178,0.9999532936222877,2.8557139103659894,0.03476393717598729,0.4629445343351785,0.4912974795432365,5.8100000000000005,1.089,True,0.04928113147637194,5.260033739999926,16.27958393096924,0.0,0.9194178949983325
oscillator,ridge_lambda_e,0.001,PC-SC,3,20,0.9955576877182636,0.998151942486192,0.9999585812731421,2.1794445741502138,0.02686641939348118,0.4629445343351785,0.4845291379840176,1.085,1.091,True,0.03839501280762934,6.60547398899871,23.61530590057373,0.0,0.9194178949983325
oscillator,ridge_lambda_e,0.001,PC-EC,4,20,0.9872747133684576,0.9767290995286029,0.9999866462159593,2.79211092625074,0.033591908573662614,0.8587204431591191,0.8429112946069924,1.105,1.089,True,0.04742146636935422,4.579713168001035,15.637179374694824,0.0,0.9538458479983092
oscillator,ridge_lambda_e,0.001,PC-SC,4,20,0.9871299870192456,0.9761845151274487,0.9999863112966705,2.9332191723368872,0.03526563645513324,0.8587204431591191,0.8421212185344521,29.288,1.088,True,0.049774953377141995,6.646942667000985,22.874423027038574,0.0,0.9538458479983092
oscillator,ridge_lambda_e,0.001,PC-EC,5,20,0.992346923116704,0.09175448585382079,0.9998169319918797,3.4605468619368276,0.04916165672992371,0.5985566610655327,0.6348453660019565,,1.048,False,0.0698325629927455,4.260780083001009,16.34131908416748,0.0,0.9423834869994607
oscillator,ridge_lambda_e,0.001,PC-SC,5,20,0.9934691811619989,0.09114373262293507,0.9998462967571968,3.1227795360888946,0.044379167387832506,0.5985566610655327,0.6313618635474779,,1.049,False,0.06305476983166187,6.365780508000171,23.028170585632324,0.0,0.9423834869994607
oscillator,ridge_lambda_e,0.001,PC-EC,6,20,0.9978264630268239,0.07421207774656863,0.9999162871668841,1.6236442159662423,0.020498761212284156,0.5577409504877844,0.57413733661241,1.074,1.09,True,0.029009128066334728,4.284178566998889,17.227333068847656,0.0,0.9221352960012155
oscillator,ridge_lambda_e,0.001,PC-SC,6,20,0.9946849292700476,0.07501053124538648,0.9997430501493739,3.5309714629953106,0.044209094708711906,0.5577409504877844,0.592980768679811,,1.058,False,0.0625620565683978,6.656640392000554,23.695590019226074,0.0,0.9221352960012155
oscillator,ridge_lambda_e,0.001,PC-EC,7,20,0.9989680599896467,0.9904722291105206,0.9999917818252684,1.8139230961668675,0.019412022693077995,0.8211657585866632,0.829819961669515,1.077,10.06,True,0.025861910083821105,4.741119736001565,16.850095748901367,0.0,0.9935889369990036
oscillator,ridge_lambda_e,0.001,PC-SC,7,20,0.994056891636807,0.9378976473918195,0.9999522582917639,6.1050366331271135,0.0645297576790388,0.8211657585866632,0.8481892586616873,,9.951,False,0.08590686593177295,6.61222641600034,20.4556941986084,0.0,0.9935889369990036
oscillator,ridge_lambda_e,0.001,PC-EC,8,20,0.9952180660648149,0.9967759095404101,0.9999349665078017,1.9289574032896635,0.02399814881633633,0.6981160842875862,0.7163929788496235,1.079,1.091,True,0.03394528190921653,4.645540273999359,16.64380168914795,0.0,0.962633671999356
oscillator,ridge_lambda_e,0.001,PC-SC,8,20,0.9950094524283406,0.9966120690027439,0.9999312078675595,2.1265699351204264,0.026399906619417265,0.6981160842875862,0.718232745738561,1.084,1.092,True,0.03732511966892579,6.509785783000552,23.60140895843506,0.3203125,0.962633671999356
oscillator,ridge_lambda_e,0.001,PC-EC,9,20,0.9953586228277681,0.9948741435400292,0.9999036861202562,2.3543928625485653,0.029476681004635328,0.1519522871775245,0.17844013609812145,1.09,1.09,True,0.041686801669510776,4.6176521699999284,17.16614055633545,0.0,0.9385116140001628
oscillator,ridge_lambda_e,0.001,PC-SC,9,20,0.9961349343584879,0.9959541596127663,0.9999245341888983,2.0372921012897187,0.025590527694748278,0.1519522871775245,0.17483177977057524,1.081,1.09,True,0.036227080404478224,6.561218607999763,25.07327938079834,6.875,0.9385116140001628
oscillator,ridge_lambda_e,0.01,PC-EC,0,20,0.995376357442196,0.9971729012129171,0.9999528686264382,2.3434025042472997,0.029424581783977326,0.19664340226687707,0.2221853368091712,1.09,1.09,True,0.04166103893982704,4.699026490998222,17.07648277282715,0.41796875,0.9347169290012971
oscillator,ridge_lambda_e,0.01,PC-SC,0,20,0.9932229826347821,0.9958393324900476,0.9999267158976237,2.956852960991954,0.03705074351355097,0.19664340226687707,0.22897698466614133,,1.085,False,0.05246151209630282,7.388551264000853,23.874967575073242,4.59765625,0.9347169290012971
oscillator,ridge_lambda_e,0.01,PC-EC,1,20,0.9975223216264687,0.9913608117698782,0.9999830964762075,2.0876258963801932,0.022018597612382736,0.8988952223651023,0.911158721458343,1.084,5.372,True,0.030899388573865653,4.8708438700014085,15.637685775756836,0.38671875,0.8988812490024429
oscillator,ridge_lambda_e,0.01,PC-SC,1,20,0.998150948711749,0.9933251328791086,0.9999874004501782,1.6593553345259524,0.01757051148219651,0.8988952223651023,0.9087126925801441,1.075,5.355,True,0.02466109334388383,6.549744725001801,23.260014533996582,3.05078125,0.8988812490024429
oscillator,ridge_lambda_e,0.01,PC-EC,2,20,0.9973312830039691,0.9988485922973618,0.9999694534794121,2.1377033983485747,0.02674965025888955,0.4657673143341868,0.4890618390186497,1.086,1.092,True,0.037846393789281764,4.501665398001933,16.953458786010742,0.9375,0.9349177250005596
oscillator,ridge_lambda_e,0.01,PC-SC,2,20,0.9978951840464823,0.9991458511139039,0.9999793977419451,1.7107109029537022,0.021476376360095594,0.4657673143341868,0.4844587326689783,1.076,1.091,True,0.030386279961189217,6.34895257700191,21.733884811401367,1.23046875,0.9349177250005596
oscillator,ridge_lambda_e,0.01,PC-EC,3,20,0.9964453135765403,0.9978185331705178,0.9999532936222877,2.8557139103659894,0.03476393717598729,0.4629445343351785,0.4912974795432365,5.8100000000000005,1.089,True,0.04928113147637194,5.350440024998534,16.279695510864258,0.0,0.9194178949983325
oscillator,ridge_lambda_e,0.01,PC-SC,3,20,0.9953543283863384,0.9980491611110519,0.9999535071757195,2.1817907540411405,0.026926452627180512,0.4629445343351785,0.48454584160561676,1.085,1.091,True,0.038517806527311856,6.955479624000873,23.568540573120117,2.3984375,0.9194178949983325
oscillator,ridge_lambda_e,0.01,PC-EC,4,20,0.9872747133684576,0.9767290995286029,0.9999866462159593,2.79211092625074,0.033591908573662614,0.8587204431591191,0.8429112946069924,1.105,1.089,True,0.04742146636935422,4.803578613002173,15.637460708618164,0.0,0.9538458479983092
oscillator,ridge_lambda_e,0.01,PC-SC,4,20,0.9871148315134468,0.9762426114694511,0.9999863463974613,2.9322083442311664,0.03525161033168852,0.8587204431591191,0.8421177291858637,29.286,1.088,True,0.04975673892775525,6.796643358000438,22.878411293029785,2.078125,0.9538458479983092
oscillator,ridge_lambda_e,0.01,PC-EC,5,20,0.992346923116704,0.09175448585382079,0.9998169319918797,3.4605468619368276,0.04916165672992371,0.5985566610655327,0.6348453660019565,,1.048,False,0.0698325629927455,4.59408505799729,16.341035842895508,0.00390625,0.9423834869994607
oscillator,ridge_lambda_e,0.01,PC-SC,5,20,0.9934283869716785,0.09143201757379371,0.9998429200897477,3.123056696447196,0.04438088122286179,0.5985566610655327,0.6313714984890161,,1.049,False,0.06305153219727114,6.318729787999473,23.029290199279785,2.23828125,0.9423834869994607
oscillator,ridge_lambda_e,0.01,PC-EC,6,20,0.9978264630268239,0.07421207774656863,0.9999162871668841,1.6236442159662423,0.020498761212284156,0.5577409504877844,0.57413733661241,1.074,1.09,True,0.029009128066334728,4.925248006002221,17.259034156799316,0.75390625,0.9221352960012155
oscillator,ridge_lambda_e,0.01,PC-SC,6,20,0.9947097128049807,0.0749396601845822,0.9997430519655418,3.5309677423359656,0.04420957476760106,0.5577409504877844,0.5929815135648674,,1.058,False,0.06256194011328244,6.524160693999875,23.664579391479492,1.796875,0.9221352960012155
oscillator,ridge_lambda_e,0.01,PC-EC,7,20,0.9989680599896467,0.9904722291105206,0.9999917818252684,1.8139230961668675,0.019412022693077995,0.8211657585866632,0.829819961669515,1.077,10.06,True,0.025861910083821105,4.469791130999511,16.818418502807617,0.00390625,0.9935889369990036
oscillator,ridge_lambda_e,0.01,PC-SC,7,20,0.9941766391107283,0.9393908339559827,0.9999530992968009,6.102950271338843,0.06449048239839207,0.8211657585866632,0.8481682656948345,,9.946,False,0.08584002038177867,7.764868343001581,20.398252487182617,0.0234375,0.9935889369990036
oscillator,ridge_lambda_e,0.01,PC-EC,8,20,0.9952180660648149,0.9967759095404101,0.9999349665078017,1.9289574032896635,0.02399814881633633,0.6981160842875862,0.7163929788496235,1.079,1.091,True,0.03394528190921653,4.3114443400008895,16.643556594848633,0.0,0.962633671999356
oscillator,ridge_lambda_e,0.01,PC-SC,8,20,0.9949401413210618,0.9965605571835223,0.9999308306771328,2.1284502506968517,0.026421957699218127,0.6981160842875862,0.7182359167174195,1.084,1.092,True,0.03736004537478398,6.447172968000814,23.693212509155273,2.6171875,0.962633671999356
oscillator,ridge_lambda_e,0.01,PC-EC,9,20,0.9953586228277681,0.9948741435400292,0.9999036861202562,2.3543928625485653,0.029476681004635328,0.1519522871775245,0.17844013609812145,1.09,1.09,True,0.041686801669510776,4.49874043300224,17.166139602661133,0.0,0.9385116140001628
oscillator,ridge_lambda_e,0.01,PC-SC,9,20,0.9962576057113806,0.995786929450893,0.999921022919968,2.0350564194087957,0.02553472884107181,0.1519522871775245,0.1747980942358366,1.081,1.09,True,0.03612095141276291,6.671723202998692,25.037992477416992,2.3671875,0.9385116140001628
oscillator,ridge_lambda_e,0.1,PC-EC,0,20,0.995376357442196,0.9971729012129171,0.9999528686264382,2.3434025042472997,0.029424581783977326,0.19664340226687707,0.2221853368091712,1.09,1.09,True,0.04166103893982704,4.1855031909981335,17.07626247406006,8.01953125,0.9347169290012971
oscillator,ridge_lambda_e,0.1,PC-SC,0,20,0.9932671108522757,0.9958340212309045,0.9999264414117779,2.9594059497850296,0.03708122136293094,0.19664340226687707,0.229008180878056,,1.085,False,0.052474416537525506,6.946693382000376,23.77487087249756,1.49609375,0.9347169290012971
oscillator,ridge_lambda_e,0.1,PC-EC,1,20,0.9975223216264687,0.9913608117698782,0.9999830964762075,2.0876258963801932,0.022018597612382736,0.8988952223651023,0.911158721458343,1.084,5.372,True,0.030899388573865653,4.550506629002484,15.637545585632324,0.0,0.8988812490024429
oscillator,ridge_lambda_e,0.1,PC-SC,1,20,0.9981296351518328,0.9933605778573554,0.9999872543743982,1.6612229491150161,0.0176005934289064,0.8988952223651023,0.9087424942171539,1.075,5.367,True,0.024691058129709165,6.272032245997252,22.97587299346924,0.0,0.8988812490024429
oscillator,ridge_lambda_e,0.1,PC-EC,2,20,0.9973312830039691,0.9988485922973618,0.9999694534794121,2.1377033983485747,0.02674965025888955,0.4657673143341868,0.4890618390186497,1.086,1.092,True,0.037846393789281764,5.057355041997653,16.95348072052002,0.0,0.9349177250005596
oscillator,ridge_lambda_e,0.1,PC-SC,2,20,0.9978986353321324,0.9991478003697924,0.9999793474248979,1.7110500383817653,0.021480234241467607,0.4657673143341868,0.4844643061016576,1.076,1.091,True,0.03039168577923492,6.316820893000113,21.73011302947998,0.0,0.9349177250005596
oscillator,ridge_lambda_e,0.1,PC-EC,3,20,0.9964453135765403,0.9978185331705178,0.9999532936222877,2.8557139103659894,0.03476393717598729,0.4629445343351785,0.4912974795432365,5.8100000000000005,1.089,True,0.04928113147637194,4.16066949299784,16.27985668182373,0.0,0.9194178949983325
oscillator,ridge_lambda_e,0.1,PC-SC,3,20,0.995432244582173,0.9979984503577448,0.9999590995359724,2.1786210033035545,0.02687463504695476,0.4629445343351785,0.4844830684408582,1.085,1.091,True,0.03841208431936717,6.328169272001105,23.77157497406006,0.375,0.9194178949983325
oscillator,ridge_lambda_e,0.1,PC-EC,4,20,0.9872747133684576,0.9767290995286029,0.9999866462159593,2.79211092625074,0.033591908573662614,0.8587204431591191,0.8429112946069924,1.105,1.089,True,0.04742146636935422,4.406685443998867,15.63770580291748,0.0,0.9538458479983092
oscillator,ridge_lambda_e,0.1,PC-SC,4,20,0.9869128815989066,0.9759517514459939,0.999986101539696,2.9290121814270815,0.035218695522199875,0.8587204431591191,0.8421181052829453,29.278000000000002,1.088,True,0.04971773076660126,5.861312729000929,22.84363079071045,0.0,0.9538458479983092
oscillator,ridge_lambda_e,0.1,PC-EC,5,20,0.992346923116704,0.09175448585382079,0.9998169319918797,3.4605468619368276,0.04916165672992371,0.5985566610655327,0.6348453660019565,,1.048,False,0.0698325629927455,4.8865605980026885,16.372411727905273,0.0,0.9423834869994607
oscillator,ridge_lambda_e,0.1,PC-SC,5,20,0.9931039094919274,0.0919609986285243,0.9998412423578578,3.1228807659385156,0.04441786903053922,0.5985566610655327,0.6313368934914879,,1.049,False,0.06315352850625383,6.1252707349995035,23.002474784851074,0.0,0.9423834869994607
oscillator,ridge_lambda_e,0.1,PC-EC,6,20,0.9978264630268239,0.07421207774656863,0.9999162871668841,1.6236442159662423,0.020498761212284156,0.5577409504877844,0.57413733661241,1.074,1.09,True,0.029009128066334728,4.835367338000651,17.22754955291748,0.0,0.9221352960012155
oscillator,ridge_lambda_e,0.1,PC-SC,6,20,0.9946711317472758,0.07498268032927019,0.9997406922046186,3.5320307823141093,0.04422316332830996,0.5577409504877844,0.5929840756469237,,1.058,False,0.062579738737695,6.57772543000101,23.679537773132324,0.0,0.9221352960012155
oscillator,ridge_lambda_e,0.1,PC-EC,7,20,0.9989680599896467,0.9904722291105206,0.9999917818252684,1.8139230961668675,0.019412022693077995,0.8211657585866632,0.829819961669515,1.077,10.06,True,0.025861910083821105,4.853013067997381,16.81855297088623,0.0,0.9935889369990036
oscillator,ridge_lambda_e,0.1,PC-SC,7,20,0.9943575710666521,0.9410325215093259,0.999954317647238,6.101074071869338,0.06444889565136147,0.8211657585866632,0.8481451174417894,,9.943,False,0.08578783187151852,5.919526002999191,20.448139190673828,0.0,0.9935889369990036
oscillator,ridge_lambda_e,0.1,PC-EC,8,20,0.9952180660648149,0.9967759095404101,0.9999349665078017,1.9289574032896635,0.02399814881633633,0.6981160842875862,0.7163929788496235,1.079,1.091,True,0.03394528190921653,4.097007493001001,16.64355754852295,0.0,0.962633671999356
oscillator,ridge_lambda_e,0.1,PC-SC,8,20,0.9948163480622207,0.9965373858543178,0.9999303038399823,2.1310139070310123,0.026458323619849778,0.6981160842875862,0.7182493104925943,1.084,1.092,True,0.037417366109640526,6.719816800999979,23.749369621276855,0.0,0.962633671999356
oscillator,ridge_lambda_e,0.1,PC-EC,9,20,0.9953586228277681,0.9948741435400292,0.9999036861202562,2.3543928625485653,0.029476681004635328,0.1519522871775245,0.17844013609812145,1.09,1.09,True,0.041686801669510776,4.514684783996927,17.1664457321167,0.0,0.9385116140001628
oscillator,ridge_lambda_e,0.1,PC-SC,9,20,0.9961830389071493,0.9959566771858281,0.9999257713742937,2.0308426996095017,0.02548392657539982,0.1519522871775245,0.17475022948558425,1.081,1.09,True,0.03606362563533201,5.959548542999983,25.004088401794434,6.12890625,0.9385116140001628
oscillator,cue_end,0.1,PC-EC,0,20,0.9959590543301702,0.9972177496791721,0.9999705215755568,2.367539257600548,0.029544243698307,0.279987957932705,0.2521623593546088,1.092,1.091,True,0.04185156535081842,4.942616545999044,16.942206382751465,9.19921875,0.9347169290012971
oscillator,cue_end,0.1,PC-SC,0,20,0.9942465801328082,0.9960804590109766,0.9999573048313268,2.986616056350874,0.03717950162233711,0.279987957932705,0.24480159305241675,,1.091,False,0.052659782379980445,6.237310697000794,23.87417507171631,0.74609375,0.9347169290012971
oscillator,cue_end,0.1,PC-EC,1,20,0.9974782742102597,0.9918942819070431,0.9999830734665885,2.09050774739667,0.022001962813258294,0.9713209602279853,0.9830753589505287,1.081,1.101,True,0.030973985569536438,4.21602379199976,15.56799602508545,0.0,0.8988812490024429
oscillator,cue_end,0.1,PC-SC,1,20,0.9981014794231582,0.993672240365026,0.9999872621183898,1.662056997556363,0.01756704850076421,0.9713209602279853,0.980752886550738,1.072,1.096,True,0.024754763073857003,6.476719447000505,23.13403606414795,0.0,0.8988812490024429
oscillator,cue_end,0.1,PC-EC,2,20,0.9959680637058517,0.9981783142642924,0.9999847728104951,2.1338644764721852,0.026777135940263472,0.228301753017228,0.24440181060448524,1.087,1.094,True,0.037882467054278925,4.909423307999532,16.9231595993042,0.0,0.9349177250005596
oscillator,cue_end,0.1,PC-SC,2,20,0.9968688478327568,0.99856904370345,0.9999891664431031,1.7076691035164948,0.021499064366895256,0.228301753017228,0.24107204374418145,1.076,1.09,True,0.03041283333136145,7.374148433998926,21.728854179382324,0.0,0.9349177250005596
oscillator,cue_end,0.1,PC-EC,3,20,-0.003518341227714222,0.05565237241431102,0.28273193099706045,53.50775943749581,0.002353001687659587,1.2366749238261265,1.2366869970295187,2.648,3.6590000000000003,True,0.0033191648321897658,4.28077491500153,18.148493766784668,0.0,0.9194178949983325
oscillator,cue_end,0.1,PC-SC,3,20,-0.01975454065064285,0.14236729894766265,0.1447812941096712,41.762098767932784,0.002338919827272248,1.2366749238261265,1.236688061197867,1.082,3.607,True,0.0033023055939096907,5.818749780999497,25.551039695739746,7.25390625,0.9194178949983325
oscillator,cue_end,0.1,PC-EC,4,20,0.9994276564977554,0.9920142282497548,0.9999478703967308,3.0123383220581106,0.03068563494925212,1.1233693179421578,1.123870102164743,1.091,1.062,True,0.04761284175917606,4.272374600997864,15.071660995483398,8.6875,0.9538458479983092
oscillator,cue_end,0.1,PC-SC,4,20,0.9993965970167,0.9916604196861661,0.9999433169696023,3.166439376517896,0.03222650971505033,1.1233693179421578,1.123873482080417,,1.057,False,0.04996344855758569,6.10751715600054,22.278685569763184,0.484375,0.9538458479983092
oscillator,cue_end,0.1,PC-EC,5,20,0.986159194903692,0.9885881957194738,0.9999244591847033,3.567594638834364,0.013673372758813541,0.7199954267174248,0.7145213662338183,1.101,2.1630000000000003,True,0.01941615654954351,4.475465245999658,15.029391288757324,0.0,0.9423834869994607
oscillator,cue_end,0.1,PC-SC,5,20,0.987470609295164,0.9899147366844927,0.9999326892925966,3.252155753582521,0.012504252082994457,0.7199954267174248,0.7150123992270704,1.092,2.152,True,0.017756806555475447,6.778691281000647,21.47437286376953,0.0,0.9423834869994607
oscillator,cue_end,0.1,PC-EC,6,20,0.997700820604356,0.07674444561486898,0.999903583429704,1.621489306547582,0.02050697762303891,0.6056252410816194,0.6220461614219951,1.071,1.086,True,0.029018175687516367,4.722678140999051,17.172863960266113,0.0,0.9221352960012155
oscillator,cue_end,0.1,PC-SC,6,20,0.9943704357844789,0.08081508103265567,0.9997719517864299,3.5304739284933873,0.0442196734636693,0.6056252410816194,0.6408189296312158,,1.066,False,0.06256520561423186,6.747348862001672,23.72006130218506,0.375,0.9221352960012155
oscillator,cue_end,0.1,PC-EC,7,20,0.9984365552042455,0.9932087603081112,0.999985343146017,1.7977155455373843,0.01806638380862071,1.013177711175208,1.0146834920619667,1.069,1.094,True,0.02547067246803406,4.311774499001331,16.4367733001709,0.0,0.9935889369990036
oscillator,cue_end,0.1,PC-SC,7,20,0.9885724972039622,0.9542760583009828,0.9998846304796711,6.058381577094479,0.0601676249253237,1.013177711175208,1.0151124751344507,,1.067,False,0.08482649989846643,6.443808676001936,20.09296989440918,0.0,0.9935889369990036
oscillator,cue_end,0.1,PC-EC,8,20,0.9951938541334799,0.9986267810837742,0.9999782848252772,1.928031416064325,0.024006429584933427,0.7078843245741281,0.7261463949843086,1.078,1.089,True,0.03394145220229434,4.7235800870003,16.654635429382324,0.0,0.962633671999356
oscillator,cue_end,0.1,PC-SC,8,20,0.994848232429551,0.998483411907507,0.9999758868682118,2.1276206530246067,0.026434547076945872,0.7078843245741281,0.7279870721896449,1.084,1.091,True,0.037362248326809885,6.4914475309997215,23.616503715515137,0.0,0.962633671999356
oscillator,cue_end,0.1,PC-EC,9,20,0.9953691545589451,0.9935775872238581,0.9999568650695704,2.3520762127446,0.02949241869407607,0.08898014642649611,0.07739201636527024,1.093,1.092,True,0.041740026358291576,4.351379622999957,17.177157402038574,0.0,0.9385116140001628
oscillator,cue_end,0.1,PC-SC,9,20,0.9961652571288874,0.9950115594934535,0.9999648201754539,2.0330012887110485,0.02555900379216616,0.08898014642649611,0.07843825157944144,1.081,1.091,True,0.036202263140168355,6.300153845997556,25.07516384124756,7.25390625,0.9385116140001628
oscillator,cue_end,1.0,PC-EC,0,20,0.9957104885471924,0.9966729515822552,0.9999265557188246,2.345024937117709,0.029415659947065843,0.25455801441337217,0.28149041574342293,1.09,1.09,True,0.0416218621727956,4.181190695999248,17.046690940856934,8.7421875,0.9347169290012971
oscillator,cue_end,1.0,PC-SC,0,20,0.9938480651751342,0.9948199130380253,0.999881678551153,2.9595167799270916,0.037035409986898964,0.25455801441337217,0.28855553176131704,,1.085,False,0.052383546131301015,6.599328689000686,23.85824489593506,1.4921875,0.9347169290012971
oscillator,cue_end,1.0,PC-EC,1,20,0.9974480788548163,0.9916108052355145,0.9999829069905058,2.0893665481181842,0.02200482122234211,1.0268410793561447,1.0375151524152981,1.084,1.173,True,0.031103719070416286,4.448437601000478,15.6173734664917,0.0,0.8988812490024429
oscillator,cue_end,1.0,PC-SC,1,20,0.9980949663152221,0.9935101278506279,0.99998726561921,1.6610085825241285,0.01756380864176751,1.0268410793561447,1.0354257745123805,1.075,1.165,True,0.02482356371692389,6.833357663999777,23.1976957321167,0.0,0.8988812490024429
oscillator,cue_end,1.0,PC-EC,2,20,0.9974992167881961,0.9986549794694706,0.9999665475045026,2.151572618579354,0.026746042975557154,0.5037121090461323,0.5276555944319931,1.086,1.092,True,0.03784205639474023,4.606030863000342,16.949508666992188,0.0,0.9349177250005596
oscillator,cue_end,1.0,PC-SC,2,20,0.9980485346279072,0.9990062922201901,0.9999763853059769,1.7221937221176067,0.021472916977131423,0.5037121090461323,0.5229353063039587,1.076,1.091,True,0.030382260856698373,6.763410129002295,21.7266263961792,0.0,0.9349177250005596
oscillator,cue_end,1.0,PC-EC,3,20,0.9964191557786113,0.9941113643846353,0.9998428985154524,2.849302835691975,0.03485740516004739,0.5637326092152072,0.5924438373743908,17.021,1.09,True,0.04926920809998056,4.186836070999561,16.27417278289795,0.0,0.9194178949983325
oscillator,cue_end,1.0,PC-SC,3,20,0.995371809632476,0.9939760901566743,0.9998334774662484,2.173438379033918,0.027009400059298663,0.5637326092152072,0.5856428596739498,1.085,1.091,True,0.03853263620389412,6.593633745000261,23.650066375732422,0.0,0.9194178949983325
oscillator,cue_end,1.0,PC-EC,4,20,0.9838308100328215,0.9701299515981767,0.9999865011579372,2.7945367270378747,0.033511461328920494,0.9794815177380746,0.9654217758207869,1.104,1.089,True,0.04725322594063389,4.728527662002307,15.62073040008545,0.0,0.9538458479983092
oscillator,cue_end,1.0,PC-SC,4,20,0.9835671496228697,0.9699432017878622,0.9999861901670793,2.934886532720779,0.035167546631463535,0.9794815177380746,0.9647074385300279,27.310000000000002,1.088,True,0.049583122093372206,6.488641367002856,22.83145523071289,0.25390625,0.9538458479983092
oscillator,cue_end,1.0,PC-EC,5,20,0.9895815012860365,0.9960466354011834,0.9999572297362312,3.4567287080922187,0.049427697900527874,0.7698316793991692,0.8065427804023014,,1.048,False,0.06986339235450467,4.426284533998114,16.426249504089355,0.0,0.9423834869994607
oscillator,cue_end,1.0,PC-SC,5,20,0.9910834294705158,0.9966468560641129,0.9999645929569678,3.119018456926935,0.04462152386011358,0.7698316793991692,0.803076965162149,,1.049,False,0.06308066161230484,6.3070279710009345,23.12366008758545,0.0,0.9423834869994607
oscillator,cue_end,1.0,PC-EC,6,20,0.9973945013027972,0.9992006824009021,0.9999876456132976,1.6233892185503498,0.02050347606713561,0.6960377665951824,0.7125832784209768,1.074,1.09,True,0.02901397159611371,4.082436937998864,17.2276029586792,0.0,0.9221352960012155
oscillator,cue_end,1.0,PC-SC,6,20,0.9935074525878866,0.997666092538879,0.999960827364454,3.5292479355836166,0.04421109852053467,0.6960377665951824,0.7313275919232202,,1.058,False,0.06256051046833917,6.130814096002723,23.668192863464355,0.0,0.9221352960012155
oscillator,cue_end,1.0,PC-EC,7,20,0.9977943895493084,0.9946545271050901,0.9999903868294773,1.7923294169791806,0.018344536734788513,0.9934156642181192,0.9979653212703984,1.077,5.121,True,0.025518876202889774,4.573925092001446,16.684420585632324,0.0,0.9935889369990036
oscillator,cue_end,1.0,PC-SC,7,20,0.9832421804065267,0.9637263959982132,0.9999366078531675,6.035826882136112,0.061007088634380376,0.9934156642181192,1.0056033422691633,,5.083,False,0.0847992286127923,6.439652942000976,20.375043869018555,0.0,0.9935889369990036
oscillator,cue_end,1.0,PC-EC,8,20,0.9945695621660823,0.9983821377553262,0.9999889004848646,1.9257463374670154,0.02400419768706297,0.796439948669872,0.8148926288204805,1.079,1.091,True,0.03395934831639783,4.274672111001564,16.673922538757324,0.0,0.962633671999356
oscillator,cue_end,1.0,PC-SC,8,20,0.9943070702139857,0.9982878824878503,0.9999880127960274,2.1251225996498606,0.026426007677096647,0.796439948669872,0.816740911565856,1.084,1.091,True,0.03737233200825911,6.249871567997616,23.66174602508545,0.0,0.962633671999356
oscillator,cue_end,1.0,PC-EC,9,20,0.9953629152753078,0.048409372846314525,0.9998255647050978,2.363164965577405,0.029505240315610463,0.19917609471010722,0.22658612978365625,1.09,1.09,True,0.041742677511426185,4.43039624100129,17.22809410095215,0.0,0.9385116140001628
oscillator,cue_end,1.0,PC-SC,9,20,0.9961996541687563,0.048646406703680645,0.9998403956768465,2.0422626332465157,0.025564648986513658,0.19917609471010722,0.22285296375076885,1.081,1.09,True,0.036185260701271676,7.557203709999158,25.107977867126465,6.12890625,0.9385116140001628
oscillator,cue_end,2.0,PC-EC,0,20,0.9959479660304218,0.9888009797170343,0.9998359359149707,2.3662599411646763,0.029532181394281057,0.07725142835463555,0.10499186548983598,1.09,1.09,True,0.04183358329149044,4.293301405999955,17.08926296234131,9.31640625,0.9347169290012971
oscillator,cue_end,2.0,PC-SC,0,20,0.993922680979147,0.984584848334864,0.9997838388368221,2.9850082674077045,0.03719682449561969,0.07725142835463555,0.11238973567737509,,1.084,False,0.052682778823772154,6.8862648800022725,23.885741233825684,1.12109375,0.9347169290012971
oscillator,cue_end,2.0,PC-EC,1,20,0.9974449130455167,0.9915279706303288,0.9999833839095764,2.086535482419782,0.022021476209531713,1.0343502204451278,1.044086709379257,1.084,3.071,True,0.03115878707237924,4.709292560000904,15.57197093963623,0.0,0.8988812490024429
oscillator,cue_end,2.0,PC-SC,1,20,0.9980897635665653,0.9934733122074562,0.9999876453687448,1.6587471253008572,0.017576216457768495,1.0343502204451278,1.0421883559013618,1.075,3.0700000000000003,True,0.024858090160960154,6.459488663000229,23.170443534851074,0.0,0.8988812490024429
oscillator,cue_end,2.0,PC-EC,2,20,0.9974934316027042,0.99831784047179,0.9999553750397712,2.1517177685522126,0.02676347937639552,0.48734027460929863,0.5111459608820624,1.086,1.092,True,0.03784413328611242,4.20033721100117,16.93835735321045,0.0,0.9349177250005596
oscillator,cue_end,2.0,PC-SC,2,20,0.9980416443233768,0.9987320259268355,0.9999675391673553,1.7225703206544503,0.02148675261722153,0.48734027460929863,0.506448521649819,1.076,1.091,True,0.03038194998970887,6.5866282989991305,21.7667875289917,0.0,0.9349177250005596
oscillator,cue_end,2.0,PC-EC,3,20,0.9964709640090889,0.10414044641476916,0.9997897568567323,2.8526042339952413,0.03485225949851839,0.554663774898102,0.5836336441084228,11.976,1.089,True,0.04927149708370111,5.113936194997223,16.303797721862793,0.0,0.9194178949983325
oscillator,cue_end,2.0,PC-SC,3,20,0.9954693546349487,0.10356840723462618,0.9997839830628434,2.176614665104267,0.027001259217196726,0.554663774898102,0.5767704852492754,1.085,1.091,True,0.03852368653210092,6.1760775270013255,23.5739164352417,0.0,0.9194178949983325
oscillator,cue_end,2.0,PC-EC,4,20,0.9865531780660244,0.9746792928659963,0.9999859667464673,2.7905199217778813,0.03366097968332159,0.9250826699736435,0.9078291109781921,1.105,1.089,True,0.047652609864826,4.575882088000071,15.624056816101074,0.0,0.9538458479983092
oscillator,cue_end,2.0,PC-SC,4,20,0.9861443840775377,0.9740674518413739,0.9999855820085186,2.9305433290134992,0.03532564035611099,0.9250826699736435,0.9069546093613676,29.983,1.087,True,0.04999891836706119,6.87912009700085,22.880064964294434,0.23828125,0.9538458479983092
oscillator,cue_end,2.0,PC-EC,5,20,0.9904978434453675,0.9960492042637599,0.9999321261180829,3.4593682860876447,0.04942872334146373,0.7139144836803283,0.750756833023792,,1.048,False,0.06984827552507722,4.7977350460023445,16.484835624694824,0.0,0.9423834869994607
oscillator,cue_end,2.0,PC-SC,5,20,0.9918392990308235,0.996667108861389,0.9999437419596771,3.121320197344822,0.044623855467685485,0.7139144836803283,0.747264692996306,,1.049,False,0.06306897918653737,6.0625978019998,23.12006378173828,0.0,0.9423834869994607
oscillator,cue_end,2.0,PC-EC,6,20,0.9974858938050842,0.9991783855683775,0.9999856399559126,1.6234589966613893,0.02050014215725914,0.6749566652985104,0.6916240224905386,1.074,1.09,True,0.029015426855985158,4.881591156001377,17.190747261047363,0.0,0.9221352960012155
oscillator,cue_end,2.0,PC-SC,6,20,0.9937475536045116,0.9975120180689819,0.9999518634943632,3.5308327642430863,0.04420302399139139,0.6749566652985104,0.7105431532414344,,1.058,False,0.06256184910786494,6.599939141000505,23.686373710632324,0.0,0.9221352960012155
oscillator,cue_end,2.0,PC-EC,7,20,0.9980045209292235,0.9952962288570941,0.9999894589002908,1.7884232380712868,0.018095408021816813,0.9688569481082376,0.9724844804535583,1.077,5.4190000000000005,True,0.025250095652191117,4.871123998000257,16.6783504486084,0.0,0.9935889369990036
oscillator,cue_end,2.0,PC-SC,7,20,0.9843750370942703,0.9685961325940706,0.9999247184706652,6.0239394690630945,0.060189228160402286,0.9688569481082376,0.9781730252263111,,5.466,False,0.08391596764105416,6.086171719001868,20.382787704467773,0.0,0.9935889369990036
oscillator,cue_end,2.0,PC-EC,8,20,0.9945896529030971,0.9985426114436515,0.9999886052636113,1.9258366494775019,0.024006140658873798,0.7774542199092831,0.7957207150585661,1.079,1.091,True,0.033962131242645736,4.362393865998456,16.641810417175293,0.0,0.962633671999356
oscillator,cue_end,2.0,PC-SC,8,20,0.9943064663701366,0.9984540278718836,0.9999875308977935,2.125290271313153,0.026429378090783075,0.7774542199092831,0.7975526239336439,1.084,1.092,True,0.03736969925674696,6.81013284599976,23.6416654586792,0.0,0.962633671999356
oscillator,cue_end,2.0,PC-EC,9,20,0.9953551801148715,0.9949750476442258,0.9998911733603404,2.355308111502871,0.029485698198182187,0.21500759473442532,0.2423894502384207,1.09,1.09,True,0.04175332414722804,5.170810784999048,17.18091106414795,0.0,0.9385116140001628
oscillator,cue_end,2.0,PC-SC,9,20,0.9962056038086131,0.9958333608176568,0.9999103281641153,2.0357897664847977,0.025546198011418875,0.21500759473442532,0.23866282773181663,1.081,1.09,True,0.03618884537989904,5.856781157999649,25.10244655609131,6.50390625,0.9385116140001628
oscillator,cue_end,3.0,PC-EC,0,20,0.9954836147326354,0.9970733650625211,0.9999462850074442,2.3437918849358472,0.029420261068955733,0.2213354917723903,0.24758768861520106,1.09,1.09,True,0.04165250780958802,4.2374076720007,17.044562339782715,8.85546875,0.9347169290012971
oscillator,cue_end,3.0,PC-SC,0,20,0.9934595479823511,0.9956377615116523,0.9999155010865941,2.9573827224054066,0.0370412592646718,0.2213354917723903,0.2545189022710886,,1.085,False,0.05244098261295189,6.488683782998123,23.83395290374756,1.48828125,0.9347169290012971
oscillator,cue_end,3.0,PC-EC,1,20,0.9973830687146598,0.9910626682765651,0.9999829206063189,2.087960566987764,0.02197849786219278,0.9854361036003157,0.99667269814738,1.084,3.43,True,0.03088105908908557,4.499632502996974,15.5911283493042,0.0,0.8988812490024429
oscillator,cue_end,3.0,PC-SC,1,20,0.9980541313514228,0.9931604799584224,0.9999873058117595,1.6598452959525014,0.01754062509137227,0.9854361036003157,0.9944556542898124,1.075,3.41,True,0.024644019896356645,6.760002685998188,23.036601066589355,0.0,0.8988812490024429
oscillator,cue_end,3.0,PC-EC,2,20,0.9972710829453595,0.9987304032570619,0.9999681685676325,2.1381493875997273,0.026747185371119284,0.40533103858582287,0.4287608333364059,1.086,1.092,True,0.03787562776490398,4.108372803002567,16.946383476257324,0.0,0.9349177250005596
oscillator,cue_end,3.0,PC-SC,2,20,0.9978545737927623,0.9990499780650286,0.9999784844418163,1.7110750081632131,0.021474523709256187,0.40533103858582287,0.42411628043009114,1.076,1.091,True,0.030407380350026846,5.99392116299714,21.76404094696045,0.0,0.9349177250005596
oscillator,cue_end,3.0,PC-EC,3,20,0.9964722146685947,0.9973819557666852,0.9999333113989008,2.8582273832161835,0.03491845608001288,0.48032966380831277,0.5084355542145574,24.054000000000002,1.088,True,0.049606382210414586,4.422822328997427,16.306490898132324,0.0,0.9194178949983325
oscillator,cue_end,3.0,PC-SC,3,20,0.9955419697130463,0.9975384449517382,0.9999314527128886,2.184816695133405,0.027051671697503787,0.48032966380831277,0.5017496344315944,1.085,1.09,True,0.03877687970518725,6.738564788000076,23.616820335388184,0.37109375,0.9194178949983325
oscillator,cue_end,3.0,PC-EC,4,20,0.9833660895855938,0.9722694601205346,0.999986692050867,2.7965592332914233,0.03355313354883853,0.9405004056813785,0.9253549937727109,1.105,1.089,True,0.04741575660372617,4.090753737000341,15.650732040405273,0.0,0.9538458479983092
oscillator,cue_end,3.0,PC-SC,4,20,0.9829609978957876,0.971865832811291,0.999986410637772,2.936898930804149,0.035210383120386816,0.9405004056813785,0.9245895262136387,29.932000000000002,1.088,True,0.04974302981517295,6.201739374999306,22.84205150604248,0.0,0.9538458479983092
oscillator,cue_end,3.0,PC-EC,5,20,0.9909887024808388,0.9955669356353783,0.9999047691233507,3.462591402660661,0.04939566165718847,0.6823863561315369,0.7192229057195734,,1.048,False,0.06984054371764403,4.493819549999898,16.425082206726074,0.0,0.9423834869994607
oscillator,cue_end,3.0,PC-SC,5,20,0.9922977670009121,0.9962466590251218,0.9999199840401265,3.1241396234397536,0.044590819491104036,0.6823863561315369,0.7157251939454545,,1.049,False,0.06305754154346194,6.238952327003062,23.071871757507324,0.0,0.9423834869994607
oscillator,cue_end,3.0,PC-EC,6,20,0.9976760519897607,0.9988471753265367,0.9999716589765875,1.6242147513004535,0.0205001149467709,0.6236449578838542,0.640231617775445,1.074,1.09,True,0.029017896859630538,4.510622492998664,17.267187118530273,0.0,0.9221352960012155
oscillator,cue_end,3.0,PC-SC,6,20,0.9942719593501381,0.9963935629371168,0.9999075364698936,3.5338387779574596,0.044206229901777944,0.6236449578838542,0.659159229014031,,1.058,False,0.06256947475334393,6.236350099003175,23.685397148132324,0.0,0.9221352960012155
oscillator,cue_end,3.0,PC-EC,7,20,0.9987804614446159,0.9924247284256227,0.9999912279732532,1.8060557473381595,0.01899972131907903,0.888843062716826,0.8963946416570144,1.077,8.66,True,0.025460188351360834,4.282035555002949,16.516512870788574,0.0,0.9935889369990036
oscillator,cue_end,3.0,PC-SC,7,20,0.9921698165177832,0.950863181420877,0.9999481355958578,6.076987731439758,0.0631244602218653,0.888843062716826,0.9117616327002468,,8.68,False,0.08451492504143908,7.236651144001371,20.4411678314209,0.0,0.9935889369990036
oscillator,cue_end,3.0,PC-EC,8,20,0.9953050357287823,0.9988036298764418,0.9999855542765298,1.9279344087215167,0.02400111659594726,0.7199704784951035,0.7386729414024387,1.079,1.091,True,0.033941798124369045,4.4480527360028645,16.68677043914795,0.0,0.962633671999356
oscillator,cue_end,3.0,PC-SC,8,20,0.9949729091556614,0.9986769487226017,0.9999838151071716,2.12750697411581,0.026427169571484038,0.7199704784951035,0.7405567384851279,1.084,1.092,True,0.037356783784790785,6.780095458998403,23.626322746276855,0.0,0.962633671999356
oscillator,cue_end,3.0,PC-EC,9,20,0.9953392510920824,0.048121711982026916,0.9998282769487976,2.3628058301592034,0.029508926694441388,0.1914455635282455,0.2187894769629303,1.09,1.09,True,0.04174391142048666,4.2466252710000845,17.20087718963623,0.0,0.9385116140001628
oscillator,cue_end,3.0,PC-SC,9,20,0.9962030618763312,0.047614503106242656,0.9998532526904046,2.0423602293898013,0.02556543937638868,0.1914455635282455,0.2150585446494488,1.081,1.09,True,0.03618005690930154,7.136601815996983,25.087645530700684,6.1328125,0.9385116140001628
oscillator,cue_end,4.0,PC-EC,0,20,0.9954235381201726,0.9970492317194655,0.9999471113982398,2.343773029556877,0.02942330413825912,0.20899320537318625,0.2349007039125063,1.09,1.09,True,0.041654157999593926,4.7771644909989845,17.044432640075684,9.73828125,0.9347169290012971
oscillator,cue_end,4.0,PC-SC,0,20,0.9933451304671109,0.9956287493472469,0.9999174367695085,2.9573775745252817,0.03704707804253862,0.20899320537318625,0.24176490039865584,,1.085,False,0.052455335452403065,6.340926223001588,23.83975124359131,0.74609375,0.9347169290012971
oscillator,cue_end,4.0,PC-EC,1,20,0.9973908219698139,0.9910124019953445,0.9999827271264476,2.088245962188144,0.022065537073240167,0.9357813314229724,0.9476841836651111,1.084,4.367,True,0.031063408855454274,4.339116839000781,15.656039237976074,0.0,0.8988812490024429
oscillator,cue_end,4.0,PC-SC,1,20,0.9980409144593385,0.9930878980209181,0.9999870863601472,1.6599974045714054,0.017613600493701927,0.9357813314229724,0.9453195465198024,1.075,4.344,True,0.024792315440453638,6.317174329000409,23.314495086669922,0.0,0.8988812490024429
oscillator,cue_end,4.0,PC-EC,2,20,0.9973194691694918,0.9988777436614322,0.9999712527116216,2.137531336832849,0.026758132705641858,0.43800276525205994,0.46169908455069025,1.086,1.092,True,0.037850949976923745,4.652931434000493,16.999652862548828,0.0,0.9349177250005596
oscillator,cue_end,4.0,PC-SC,2,20,0.9978963457043457,0.9991602632304912,0.9999806215152707,1.7106362674689506,0.021481583077907544,0.43800276525205994,0.45701136049072194,1.076,1.091,True,0.030388235952590364,6.510874673997023,21.77448081970215,0.0,0.9349177250005596
oscillator,cue_end,4.0,PC-EC,3,20,0.9963950177867524,0.9971888171739403,0.999935736117147,2.8568939545380685,0.03486338195857656,0.5022812910339687,0.5303328528062622,18.01,1.089,True,0.04928309687871296,4.5096110880003835,16.317218780517578,0.0,0.9194178949983325
oscillator,cue_end,4.0,PC-SC,3,20,0.9953963169350973,0.9975125404502689,0.9999348801270846,2.1827766319308615,0.027006356838248518,0.5022812910339687,0.5236636270418626,1.085,1.091,True,0.03852538778805271,6.599399337999785,23.584513664245605,0.0,0.9194178949983325
oscillator,cue_end,4.0,PC-EC,4,20,0.9825918483972496,0.9720628532898199,0.9999867064168383,2.7963586692247864,0.03351125907581692,0.9056509943050459,0.8906049103313041,1.105,1.09,True,0.04725729553498031,4.724025126997731,15.62549114227295,0.0,0.9538458479983092
oscillator,cue_end,4.0,PC-SC,4,20,0.9822744387030606,0.9717791495531388,0.9999864227551531,2.9368724149865364,0.035168418401317895,0.9056509943050459,0.8898470948285826,29.672,1.089,True,0.04958861740671532,7.313796963997447,22.863802909851074,0.0,0.9538458479983092
oscillator,cue_end,4.0,PC-EC,5,20,0.9915047905984367,0.09240891881848329,0.999747571660131,3.460646328822854,0.04937945946293041,0.6439694969367852,0.6806412727779114,,1.048,False,0.06983648293035116,5.536687711002742,16.442538261413574,0.0,0.9423834869994607
oscillator,cue_end,4.0,PC-SC,5,20,0.9927334641828154,0.09181914532602392,0.9997818506238225,3.1221061859941184,0.04457565633853756,0.6439694969367852,0.6771461616391535,,1.049,False,0.06305593127989025,7.809175274000154,23.0375394821167,0.0,0.9423834869994607
oscillator,cue_end,4.0,PC-EC,6,20,0.9977532708463288,0.07535417016989038,0.9999046114124189,1.620673538225705,0.020503078967878948,0.5906021994663656,0.6071206411363904,1.074,1.09,True,0.02901532026400985,5.4784494759987865,17.24982738494873,0.0,0.9221352960012155
oscillator,cue_end,4.0,PC-SC,6,20,0.9944684537028534,0.07831686375859787,0.9997546020731708,3.530434682124599,0.044214317858124234,0.5906021994663656,0.6260354097398099,,1.058,False,0.0625682356922071,7.591836761002924,23.673068046569824,0.0,0.9221352960012155
oscillator,cue_end,4.0,PC-EC,7,20,0.9985738862738118,0.9936921435196846,0.9999909909849034,1.7994707320202838,0.018654651384575303,0.9331194832762879,0.9387047330871481,1.077,7.901,True,0.02552571754302753,5.259688248999737,16.694560050964355,0.0,0.9935889369990036
oscillator,cue_end,4.0,PC-SC,7,20,0.9895682639840863,0.9557372574495517,0.9999419128784153,6.057898006744026,0.062042676920630056,0.9331194832762879,0.9491877675030814,,7.91,False,0.08487040126620272,6.89815100800115,20.40143394470215,0.0,0.9935889369990036
oscillator,cue_end,4.0,PC-EC,8,20,0.9953108695795758,0.9987251145158544,0.9999812605473379,1.928080132774818,0.024006753716671176,0.7047379947821107,0.7231824492835295,1.079,1.091,True,0.03394658897638374,5.178832807996514,16.646342277526855,0.0,0.962633671999356
oscillator,cue_end,4.0,PC-SC,8,20,0.9950059733704324,0.9985906282489811,0.9999789434825846,2.127741369204961,0.026433485609775695,0.7047379947821107,0.7250418999264971,1.084,1.092,True,0.03736269394289544,6.459666697999637,23.670443534851074,0.0,0.962633671999356
oscillator,cue_end,4.0,PC-EC,9,20,0.9954304001439294,0.9937446492840247,0.9998787058289075,2.3556230540779257,0.02947842382211989,0.16002767984320676,0.18679955070212287,1.09,1.09,True,0.04168523423451421,5.485797262001142,17.14807415008545,0.0,0.9385116140001628
oscillator,cue_end,4.0,PC-SC,9,20,0.9962903875499256,0.9948560379753766,0.9998994550652394,2.0360493086961076,0.025538977664644955,0.16002767984320676,0.1831269027167472,1.081,1.09,True,0.03613104072063241,6.963688873998763,25.04714870452881,6.1328125,0.9385116140001628
oscillator,cue_end,5.0,PC-EC,0,20,0.995376357442196,0.9971729012129171,0.9999528686264382,2.3434025042472997,0.029424581783977326,0.19664340226687707,0.2221853368091712,1.09,1.09,True,0.04166103893982704,4.699026490998222,17.07648277282715,0.41796875,0.9347169290012971
oscillator,cue_end,5.0,PC-SC,0,20,0.9932229826347821,0.9958393324900476,0.9999267158976237,2.956852960991954,0.03705074351355097,0.19664340226687707,0.22897698466614133,,1.085,False,0.05246151209630282,7.388551264000853,23.874967575073242,4.59765625,0.9347169290012971
oscillator,cue_end,5.0,PC-EC,1,20,0.9975223216264687,0.9913608117698782,0.9999830964762075,2.0876258963801932,0.022018597612382736,0.8988952223651023,0.911158721458343,1.084,5.372,True,0.030899388573865653,4.8708438700014085,15.637685775756836,0.38671875,0.8988812490024429
oscillator,cue_end,5.0,PC-SC,1,20,0.998150948711749,0.9933251328791086,0.9999874004501782,1.6593553345259524,0.01757051148219651,0.8988952223651023,0.9087126925801441,1.075,5.355,True,0.02466109334388383,6.549744725001801,23.260014533996582,3.05078125,0.8988812490024429
oscillator,cue_end,5.0,PC-EC,2,20,0.9973312830039691,0.9988485922973618,0.9999694534794121,2.1377033983485747,0.02674965025888955,0.4657673143341868,0.4890618390186497,1.086,1.092,True,0.037846393789281764,4.501665398001933,16.953458786010742,0.9375,0.9349177250005596
oscillator,cue_end,5.0,PC-SC,2,20,0.9978951840464823,0.9991458511139039,0.9999793977419451,1.7107109029537022,0.021476376360095594,0.4657673143341868,0.4844587326689783,1.076,1.091,True,0.030386279961189217,6.34895257700191,21.733884811401367,1.23046875,0.9349177250005596
oscillator,cue_end,5.0,PC-EC,3,20,0.9964453135765403,0.9978185331705178,0.9999532936222877,2.8557139103659894,0.03476393717598729,0.4629445343351785,0.4912974795432365,5.8100000000000005,1.089,True,0.04928113147637194,5.350440024998534,16.279695510864258,0.0,0.9194178949983325
oscillator,cue_end,5.0,PC-SC,3,20,0.9953543283863384,0.9980491611110519,0.9999535071757195,2.1817907540411405,0.026926452627180512,0.4629445343351785,0.48454584160561676,1.085,1.091,True,0.038517806527311856,6.955479624000873,23.568540573120117,2.3984375,0.9194178949983325
oscillator,cue_end,5.0,PC-EC,4,20,0.9872747133684576,0.9767290995286029,0.9999866462159593,2.79211092625074,0.033591908573662614,0.8587204431591191,0.8429112946069924,1.105,1.089,True,0.04742146636935422,4.803578613002173,15.637460708618164,0.0,0.9538458479983092
oscillator,cue_end,5.0,PC-SC,4,20,0.9871148315134468,0.9762426114694511,0.9999863463974613,2.9322083442311664,0.03525161033168852,0.8587204431591191,0.8421177291858637,29.286,1.088,True,0.04975673892775525,6.796643358000438,22.878411293029785,2.078125,0.9538458479983092
oscillator,cue_end,5.0,PC-EC,5,20,0.992346923116704,0.09175448585382079,0.9998169319918797,3.4605468619368276,0.04916165672992371,0.5985566610655327,0.6348453660019565,,1.048,False,0.0698325629927455,4.59408505799729,16.341035842895508,0.00390625,0.9423834869994607
oscillator,cue_end,5.0,PC-SC,5,20,0.9934283869716785,0.09143201757379371,0.9998429200897477,3.123056696447196,0.04438088122286179,0.5985566610655327,0.6313714984890161,,1.049,False,0.06305153219727114,6.318729787999473,23.029290199279785,2.23828125,0.9423834869994607
oscillator,cue_end,5.0,PC-EC,6,20,0.9978264630268239,0.07421207774656863,0.9999162871668841,1.6236442159662423,0.020498761212284156,0.5577409504877844,0.57413733661241,1.074,1.09,True,0.029009128066334728,4.925248006002221,17.259034156799316,0.75390625,0.9221352960012155
oscillator,cue_end,5.0,PC-SC,6,20,0.9947097128049807,0.0749396601845822,0.9997430519655418,3.5309677423359656,0.04420957476760106,0.5577409504877844,0.5929815135648674,,1.058,False,0.06256194011328244,6.524160693999875,23.664579391479492,1.796875,0.9221352960012155
oscillator,cue_end,5.0,PC-EC,7,20,0.9989680599896467,0.9904722291105206,0.9999917818252684,1.8139230961668675,0.019412022693077995,0.8211657585866632,0.829819961669515,1.077,10.06,True,0.025861910083821105,4.469791130999511,16.818418502807617,0.00390625,0.9935889369990036
oscillator,cue_end,5.0,PC-SC,7,20,0.9941766391107283,0.9393908339559827,0.9999530992968009,6.102950271338843,0.06449048239839207,0.8211657585866632,0.8481682656948345,,9.946,False,0.08584002038177867,7.764868343001581,20.398252487182617,0.0234375,0.9935889369990036
oscillator,cue_end,5.0,PC-EC,8,20,0.9952180660648149,0.9967759095404101,0.9999349665078017,1.9289574032896635,0.02399814881633633,0.6981160842875862,0.7163929788496235,1.079,1.091,True,0.03394528190921653,4.3114443400008895,16.643556594848633,0.0,0.962633671999356
oscillator,cue_end,5.0,PC-SC,8,20,0.9949401413210618,0.9965605571835223,0.9999308306771328,2.1284502506968517,0.026421957699218127,0.6981160842875862,0.7182359167174195,1.084,1.092,True,0.03736004537478398,6.447172968000814,23.693212509155273,2.6171875,0.962633671999356
oscillator,cue_end,5.0,PC-EC,9,20,0.9953586228277681,0.9948741435400292,0.9999036861202562,2.3543928625485653,0.029476681004635328,0.1519522871775245,0.17844013609812145,1.09,1.09,True,0.041686801669510776,4.49874043300224,17.166139602661133,0.0,0.9385116140001628
oscillator,cue_end,5.0,PC-SC,9,20,0.9962576057113806,0.995786929450893,0.999921022919968,2.0350564194087957,0.02553472884107181,0.1519522871775245,0.1747980942358366,1.081,1.09,True,0.03612095141276291,6.671723202998692,25.037992477416992,2.3671875,0.9385116140001628
oscillator,cue_end,10.0,PC-EC,0,20,0.9958330199825381,0.996659415491274,0.9999260351407055,2.3366908972103753,0.029428995218684893,0.15586953144600407,0.18152004070959638,1.09,1.09,True,0.04163734337944304,4.664225127999089,16.414423942565918,8.9296875,0.9347169290012971
oscillator,cue_end,10.0,PC-SC,0,20,0.993570396730898,0.9947221135095885,0.9998829686879918,2.9485611918796204,0.03707393867165586,0.15586953144600407,0.18838155740631138,,1.085,False,0.05245080737517994,6.7605640570000105,23.204920768737793,0.25,0.9347169290012971
oscillator,cue_end,10.0,PC-EC,1,20,0.9975131315952326,0.9948353775878498,0.9999797960669934,2.089755038721375,0.022070013545685732,0.7842550692524473,0.7991540601706958,1.084,10.355,True,0.030958453799157567,4.689383174998511,15.08313274383545,0.0,0.8988812490024429
oscillator,cue_end,10.0,PC-SC,1,20,0.9981716426689455,0.9962788083498106,0.9999853249276955,1.660776421511395,0.017605097218266173,0.7842550692524473,0.796144792747978,1.075,10.302,True,0.024716944192921864,6.233657477998349,22.715357780456543,0.25,0.8988812490024429
oscillator,cue_end,10.0,PC-EC,2,20,0.9973861949378365,0.9986579949318474,0.9999600244510423,2.1310308999994048,0.02677171501530713,0.3480753586346908,0.3718369104020665,1.086,1.092,True,0.03788101067206248,4.454062493998208,16.312952995300293,0.0,0.9349177250005596
oscillator,cue_end,10.0,PC-SC,2,20,0.997991958805972,0.999002022134136,0.9999730444817541,1.7052716663226364,0.021493292127147623,0.3480753586346908,0.3671132705443408,1.076,1.091,True,0.030414620230877317,7.310582242000237,21.140414237976074,0.0,0.9349177250005596
oscillator,cue_end,10.0,PC-EC,3,20,0.996571715700277,0.9979457566187113,0.9999580260811718,2.844817381811895,0.034885384197402114,0.38618122430525464,0.41401444149921446,24.01,1.089,True,0.049549897304636596,4.709076708000794,15.644190788269043,0.0,0.9194178949983325
oscillator,cue_end,10.0,PC-SC,3,20,0.9953532462897088,0.9981770509249432,0.9999579390236426,2.1713486188485476,0.0270927015699463,0.38618122430525464,0.4073471796111,1.085,1.09,True,0.03872112365864287,6.292548195000563,22.963592529296875,0.0,0.9194178949983325
oscillator,cue_end,10.0,PC-EC,4,20,0.9893546027560866,0.9847195917641371,0.9999856670701499,2.7899374317591623,0.033577281427382706,0.7247833115411191,0.7056620997142842,1.105,1.089,True,0.047425798699183445,4.398412293998263,14.988978385925293,0.0,0.9538458479983092
oscillator,cue_end,10.0,PC-SC,4,20,0.9889871814168167,0.984339491086789,0.9999853563620653,2.929735681887993,0.03523397968285334,0.7247833115411191,0.7047107477671889,29.799,1.088,True,0.04975904988026373,7.163460509000288,22.235346794128418,0.0,0.9538458479983092
oscillator,cue_end,10.0,PC-EC,5,20,0.9937976701643169,0.997297379727663,0.9999101899128406,3.4532522870176416,0.04904118913683136,0.5262973309012993,0.5645674417295985,,1.048,False,0.06982436347329832,4.680642927000008,15.652522087097168,0.0,0.9423834869994607
oscillator,cue_end,10.0,PC-SC,5,20,0.9946724269976238,0.9978159382611111,0.9999297521147781,3.115365412500518,0.04426951813577831,0.5262973309012993,0.5608925085852425,,1.049,False,0.06304437543729528,6.853022385999793,22.311579704284668,0.0,0.9423834869994607
oscillator,cue_end,10.0,PC-EC,6,20,0.9982478324358154,0.9992641336620678,0.9999767936710655,1.6180185592523415,0.020497407419616188,0.4475182430502732,0.46456049948012507,1.074,1.09,True,0.029008681989147272,4.596929860999808,16.574641227722168,0.0,0.9221352960012155
oscillator,cue_end,10.0,PC-SC,6,20,0.9954124804777842,0.9967982632676522,0.9998827985253635,3.5226069351371567,0.04420073364495127,0.4475182430502732,0.48432841610596156,,1.058,False,0.06253687174735266,6.504605197998899,23.080355644226074,1.0,0.9221352960012155
oscillator,cue_end,10.0,PC-EC,7,20,0.9989153270021593,0.990729478340838,0.999991084069269,1.8086067450022472,0.019073177467981407,0.8075851057921668,0.8171517889746307,1.077,13.758000000000001,True,0.025704587362585907,4.502151424003387,16.2227201461792,0.0,0.9935889369990036
oscillator,cue_end,10.0,PC-SC,7,20,0.9936930172527846,0.9368857389242979,0.9999478474438903,6.087004489187846,0.06334792956344101,0.8075851057921668,0.8376536709002836,,13.775,False,0.08531218744497975,6.4453991260015755,19.780978202819824,0.0,0.9935889369990036
oscillator,cue_end,10.0,PC-EC,8,20,0.9972197900384473,0.998383592118474,0.9999383228464538,1.922626194723321,0.024003358638945302,0.5785103624364765,0.5979605378631435,1.079,1.091,True,0.03393533013283949,4.7234791010014305,16.009608268737793,0.0,0.962633671999356
oscillator,cue_end,10.0,PC-SC,8,20,0.9970324926588412,0.9979124741048212,0.9999194081656066,2.121949790495771,0.02642558651299338,0.5785103624364765,0.5999370741327692,1.084,1.092,True,0.03734322336284487,6.756183760000567,22.978144645690918,0.0,0.962633671999356
oscillator,cue_end,10.0,PC-EC,9,20,0.9958490486712819,0.9916121310923507,0.9998160738591197,2.3514068384362874,0.02948311826325517,0.12414692915079367,0.15085315835857066,1.09,1.09,True,0.04168043705908151,4.354965447000723,16.506190299987793,0.0,0.9385116140001628
oscillator,cue_end,10.0,PC-SC,9,20,0.9966305312254157,0.9937572982860003,0.9998592909959967,2.0316651602447298,0.02555258078815394,0.12414692915079367,0.1471741197955006,1.081,1.09,True,0.03614038076116567,6.120990478997555,24.448359489440918,5.390625,0.9385116140001628
oscillator,cue_end,20.0,PC-EC,0,20,0.9969915966384901,0.9888090439658968,0.9995849508259007,2.3179226326742044,0.029444149191921298,0.07473415761534989,0.10060507637156388,1.09,1.09,True,0.041661745878544626,4.493084498997632,15.134100914001465,8.73828125,0.9347169290012971
oscillator,cue_end,20.0,PC-SC,0,20,0.9953446758691498,0.042295637336904834,0.9993997279925861,2.9388210870551177,0.037082238269173354,0.07473415761534989,0.10767109175958442,,1.085,False,0.052464578513885834,6.518882430998929,21.880351066589355,0.75,0.9347169290012971
oscillator,cue_end,20.0,PC-EC,1,20,0.9980309763332138,0.9973807839461537,0.9998130250420071,2.085815558654358,0.02227936607412946,0.44943895372452464,0.46688721382059145,1.084,1.131,True,0.0317497133557792,4.478145361001225,13.98993968963623,0.0,0.8988812490024429
oscillator,cue_end,20.0,PC-SC,1,20,0.9986265160188016,0.9983191771566666,0.9998785947192521,1.6545153059929034,0.017751927419116197,0.44943895372452464,0.46327658316781484,1.075,1.156,True,0.02530609800052187,6.474568652000016,21.606982231140137,0.75,0.8988812490024429
oscillator,cue_end,20.0,PC-EC,2,20,0.9978273547857996,0.9972959168281322,0.9998272005571804,2.097144133912381,0.02670832481087106,0.24119828716576738,0.26502271627705337,1.086,1.092,True,0.0377893496554057,4.5932544879979105,15.01733684539795,0.0,0.9349177250005596
oscillator,cue_end,20.0,PC-SC,2,20,0.9984547024000299,0.9982127319684022,0.9998884210915572,1.6773915755153335,0.02144257403377124,0.24119828716576738,0.26025372527213747,1.076,1.092,True,0.03033698483564663,6.255925074001425,19.851847648620605,0.0,0.9349177250005596
oscillator,cue_end,20.0,PC-EC,3,20,0.9966096237571398,0.9975249394695389,0.99990752151445,2.789469138479287,0.03473136758791617,0.17095326763882862,0.19690204148019835,20.814,1.089,True,0.049325086893638924,4.2785112370002025,14.368136405944824,0.0,0.9194178949983325
oscillator,cue_end,20.0,PC-SC,3,20,0.9954225738565385,0.9978804940792878,0.999925554545668,2.129524686153279,0.027152540618125852,0.17095326763882862,0.19054862914338308,1.085,1.091,True,0.03853909943380654,6.320272811000905,21.66651439666748,0.0,0.9194178949983325
oscillator,cue_end,20.0,PC-EC,4,20,0.9949732231649515,0.9948010490574093,0.9999728806615749,2.7837612859810434,0.03363375439726204,0.3402534688954962,0.3170749815856772,1.105,1.089,True,0.04762011015510462,4.205767680003191,13.71992015838623,0.0,0.9538458479983092
oscillator,cue_end,20.0,PC-SC,4,20,0.994653865162312,0.9948897660749199,0.9999718116068844,2.923377210017776,0.03528444548789398,0.3402534688954962,0.31594299535167825,27.632,1.087,True,0.04995818124539413,7.370029723999323,20.92316722869873,0.0,0.9538458479983092
oscillator,cue_end,20.0,PC-EC,5,20,0.993116429293435,0.995805477929476,0.9997533127768317,3.397726685482623,0.04912345692855289,0.24983398541379537,0.2869579240649827,,1.048,False,0.06910044311533872,4.921273645999463,14.178935050964355,0.0,0.9423834869994607
oscillator,cue_end,20.0,PC-SC,5,20,0.9942656298099632,0.9964986197517254,0.9998010052386452,3.0649073950749903,0.04433398238082017,0.24983398541379537,0.2832822481630639,,1.05,False,0.06237617026568434,6.143628413999977,20.807414054870605,0.0,0.9423834869994607
oscillator,cue_end,20.0,PC-EC,6,20,0.9984923835073927,0.9988207542172505,0.9999272372893884,1.590485013645068,0.02048790548619028,0.21804088161349713,0.2361630773479409,1.074,1.09,True,0.028966831885433253,4.258744145001401,15.25733470916748,0.0,0.9221352960012155
oscillator,cue_end,20.0,PC-SC,6,20,0.9946004491226819,0.9939034417598569,0.9996113646480811,3.4668803213639063,0.04418706366625355,0.21804088161349713,0.2576220677267665,,1.058,False,0.062472378484522834,6.809258930003125,21.764994621276855,0.0,0.9221352960012155
oscillator,cue_end,20.0,PC-EC,7,20,0.9992362183380573,0.9988764989284035,0.9999252630964877,1.792910622526033,0.01998845444954314,0.34275097646783986,0.3562396670807529,1.077,1.123,True,0.02850590056085378,5.631470844000432,14.98102855682373,0.0,0.9935889369990036
oscillator,cue_end,20.0,PC-SC,7,20,0.9942489918932342,0.06077098447349183,0.9989634668124194,6.079296022413915,0.06639346116684491,0.34275097646783986,0.39017800319845486,,1.072,False,0.09463496023699831,6.627335960001801,18.644938468933105,0.0,0.9935889369990036
oscillator,cue_end,20.0,PC-EC,8,20,0.997940554710172,0.9987739013684154,0.9999166252060483,1.89439613795862,0.02403395867710154,0.30873242183724364,0.32992920488943533,1.079,1.091,True,0.033976073160518164,5.66394753500208,14.674883842468262,0.0,0.962633671999356
oscillator,cue_end,20.0,PC-SC,8,20,0.9976881103738946,0.9985769262652306,0.9998992884097986,2.0911504666941516,0.02645420364974564,0.30873242183724364,0.3321161723979218,1.084,1.092,True,0.037396014278532265,6.631883863999974,21.665812492370605,0.0,0.962633671999356
oscillator,cue_end,20.0,PC-EC,9,20,0.997041917587965,0.9938499172873764,0.9997151389970227,2.376236002290911,0.029518377819276197,0.06843658430497285,0.09589152983466481,1.09,1.09,True,0.04174944817664581,4.879737966999528,15.24885082244873,0.0,0.9385116140001628
oscillator,cue_end,20.0,PC-SC,9,20,0.9976291362046597,0.99506618932744,0.9997679352627112,2.056476601313844,0.025612050740763077,0.06843658430497285,0.09210351792687574,1.081,1.09,True,0.03620590273776358,6.8362786209982005,23.15793514251709,3.0,0.9385116140001628
oscillator,z_clip,0.0,PC-EC,0,20,0.995376357442196,0.9971729012129171,0.9999528686264382,2.3434025042472997,0.029424581783977326,0.19664340226687707,0.2221853368091712,1.09,1.09,True,0.04166103893982704,5.189045860999613,17.064536094665527,9.12109375,0.9347169290012971
oscillator,z_clip,0.0,PC-SC,0,20,0.9932229826347821,0.9958393324900476,0.9999267158976237,2.956852960991954,0.03705074351355097,0.19664340226687707,0.22897698466614133,,1.085,False,0.05246151209630282,6.340271121000114,23.875250816345215,1.12109375,0.9347169290012971
oscillator,z_clip,0.0,PC-EC,1,20,0.9975223216264687,0.9913608117698782,0.9999830964762075,2.0876258963801932,0.022018597612382736,0.8988952223651023,0.911158721458343,1.084,5.372,True,0.030899388573865653,4.7128417100029765,15.625948905944824,0.0,0.8988812490024429
oscillator,z_clip,0.0,PC-SC,1,20,0.998150948711749,0.9933251328791086,0.9999874004501782,1.6593553345259524,0.01757051148219651,0.8988952223651023,0.9087126925801441,1.075,5.355,True,0.02466109334388383,6.755110751997563,23.25952434539795,0.0,0.8988812490024429
oscillator,z_clip,0.0,PC-EC,2,20,0.9973312830039691,0.9988485922973618,0.9999694534794121,2.1377033983485747,0.02674965025888955,0.4657673143341868,0.4890618390186497,1.086,1.092,True,0.037846393789281764,4.702630845000385,16.94158935546875,0.0,0.9349177250005596
oscillator,z_clip,0.0,PC-SC,2,20,0.9978951840464823,0.9991458511139039,0.9999793977419451,1.7107109029537022,0.021476376360095594,0.4657673143341868,0.4844587326689783,1.076,1.091,True,0.030386279961189217,6.601928049996786,21.733859062194824,0.0,0.9349177250005596
oscillator,z_clip,0.0,PC-EC,3,20,0.9964453135765403,0.9978185331705178,0.9999532936222877,2.8557139103659894,0.03476393717598729,0.4629445343351785,0.4912974795432365,5.8100000000000005,1.089,True,0.04928113147637194,4.5010338480024075,16.268153190612793,0.0,0.9194178949983325
oscillator,z_clip,0.0,PC-SC,3,20,0.9953543283863384,0.9980491611110519,0.9999535071757195,2.1817907540411405,0.026926452627180512,0.4629445343351785,0.48454584160561676,1.085,1.091,True,0.038517806527311856,6.79134391000116,23.568541526794434,0.1875,0.9194178949983325
oscillator,z_clip,0.0,PC-EC,4,20,0.9872747133684576,0.9767290995286029,0.9999866462159593,2.79211092625074,0.033591908573662614,0.8587204431591191,0.8429112946069924,1.105,1.089,True,0.04742146636935422,4.53171022099923,15.625391960144043,0.0,0.9538458479983092
oscillator,z_clip,0.0,PC-SC,4,20,0.9871148315134468,0.9762426114694511,0.9999863463974613,2.9322083442311664,0.03525161033168852,0.8587204431591191,0.8421177291858637,29.286,1.088,True,0.04975673892775525,6.36030142600066,22.846869468688965,0.05859375,0.9538458479983092
oscillator,z_clip,0.0,PC-EC,5,20,0.992346923116704,0.09175448585382079,0.9998169319918797,3.4605468619368276,0.04916165672992371,0.5985566610655327,0.6348453660019565,,1.048,False,0.0698325629927455,4.758527849000529,16.3295316696167,0.0,0.9423834869994607
oscillator,z_clip,0.0,PC-SC,5,20,0.9934283869716785,0.09143201757379371,0.9998429200897477,3.123056696447196,0.04438088122286179,0.5985566610655327,0.6313714984890161,,1.049,False,0.06305153219727114,6.342635315002553,22.99756145477295,0.0,0.9423834869994607
oscillator,z_clip,0.0,PC-EC,6,20,0.9978264630268239,0.07421207774656863,0.9999162871668841,1.6236442159662423,0.020498761212284156,0.5577409504877844,0.57413733661241,1.074,1.09,True,0.029009128066334728,4.708116724999854,17.215785026550293,0.0,0.9221352960012155
oscillator,z_clip,0.0,PC-SC,6,20,0.9947097128049807,0.0749396601845822,0.9997430519655418,3.5309677423359656,0.04420957476760106,0.5577409504877844,0.5929815135648674,,1.058,False,0.06256194011328244,6.603611806000117,23.664713859558105,0.0,0.9221352960012155
oscillator,z_clip,0.0,PC-EC,7,20,0.9989680599896467,0.9904722291105206,0.9999917818252684,1.8139230961668675,0.019412022693077995,0.8211657585866632,0.829819961669515,1.077,10.06,True,0.025861910083821105,4.620874162999826,16.837980270385742,0.0,0.9935889369990036
oscillator,z_clip,0.0,PC-SC,7,20,0.9941766391107283,0.9393908339559827,0.9999530992968009,6.102950271338843,0.06449048239839207,0.8211657585866632,0.8481682656948345,,9.946,False,0.08584002038177867,5.953659815000719,20.429845809936523,0.0,0.9935889369990036
oscillator,z_clip,0.0,PC-EC,8,20,0.9952180660648149,0.9967759095404101,0.9999349665078017,1.9289574032896635,0.02399814881633633,0.6981160842875862,0.7163929788496235,1.079,1.091,True,0.03394528190921653,4.2116853469997295,16.631770133972168,0.0,0.962633671999356
oscillator,z_clip,0.0,PC-SC,8,20,0.9949401413210618,0.9965605571835223,0.9999308306771328,2.1284502506968517,0.026421957699218127,0.6981160842875862,0.7182359167174195,1.084,1.092,True,0.03736004537478398,6.998403240999323,23.724279403686523,0.0,0.962633671999356
oscillator,z_clip,0.0,PC-EC,9,20,0.9953586228277681,0.9948741435400292,0.9999036861202562,2.3543928625485653,0.029476681004635328,0.1519522871775245,0.17844013609812145,1.09,1.09,True,0.041686801669510776,5.0044257910012675,17.154353141784668,0.0,0.9385116140001628
oscillator,z_clip,0.0,PC-SC,9,20,0.9962576057113806,0.995786929450893,0.999921022919968,2.0350564194087957,0.02553472884107181,0.1519522871775245,0.1747980942358366,1.081,1.09,True,0.03612095141276291,6.53368815399881,25.03843593597412,6.5078125,0.9385116140001628
oscillator,z_clip,1.0,PC-EC,0,20,0.995376357442196,0.9971729012129171,0.9999528686264382,2.3434025042472997,0.029424581783977326,0.19664340226687707,0.2221853368091712,1.09,1.09,True,0.04166103893982704,4.699026490998222,17.07648277282715,0.41796875,0.9347169290012971
oscillator,z_clip,1.0,PC-SC,0,20,0.9932229826347821,0.9958393324900476,0.9999267158976237,2.956852960991954,0.03705074351355097,0.19664340226687707,0.22897698466614133,,1.085,False,0.05246151209630282,7.388551264000853,23.874967575073242,4.59765625,0.9347169290012971
oscillator,z_clip,1.0,PC-EC,1,20,0.9975223216264687,0.9913608117698782,0.9999830964762075,2.0876258963801932,0.022018597612382736,0.8988952223651023,0.911158721458343,1.084,5.372,True,0.030899388573865653,4.8708438700014085,15.637685775756836,0.38671875,0.8988812490024429
oscillator,z_clip,1.0,PC-SC,1,20,0.998150948711749,0.9933251328791086,0.9999874004501782,1.6593553345259524,0.01757051148219651,0.8988952223651023,0.9087126925801441,1.075,5.355,True,0.02466109334388383,6.549744725001801,23.260014533996582,3.05078125,0.8988812490024429
oscillator,z_clip,1.0,PC-EC,2,20,0.9973312830039691,0.9988485922973618,0.9999694534794121,2.1377033983485747,0.02674965025888955,0.4657673143341868,0.4890618390186497,1.086,1.092,True,0.037846393789281764,4.501665398001933,16.953458786010742,0.9375,0.9349177250005596
oscillator,z_clip,1.0,PC-SC,2,20,0.9978951840464823,0.9991458511139039,0.9999793977419451,1.7107109029537022,0.021476376360095594,0.4657673143341868,0.4844587326689783,1.076,1.091,True,0.030386279961189217,6.34895257700191,21.733884811401367,1.23046875,0.9349177250005596
oscillator,z_clip,1.0,PC-EC,3,20,0.9964453135765403,0.9978185331705178,0.9999532936222877,2.8557139103659894,0.03476393717598729,0.4629445343351785,0.4912974795432365,5.8100000000000005,1.089,True,0.04928113147637194,5.350440024998534,16.279695510864258,0.0,0.9194178949983325
oscillator,z_clip,1.0,PC-SC,3,20,0.9953543283863384,0.9980491611110519,0.9999535071757195,2.1817907540411405,0.026926452627180512,0.4629445343351785,0.48454584160561676,1.085,1.091,True,0.038517806527311856,6.955479624000873,23.568540573120117,2.3984375,0.9194178949983325
oscillator,z_clip,1.0,PC-EC,4,20,0.9872747133684576,0.9767290995286029,0.9999866462159593,2.79211092625074,0.033591908573662614,0.8587204431591191,0.8429112946069924,1.105,1.089,True,0.04742146636935422,4.803578613002173,15.637460708618164,0.0,0.9538458479983092
oscillator,z_clip,1.0,PC-SC,4,20,0.9871148315134468,0.9762426114694511,0.9999863463974613,2.9322083442311664,0.03525161033168852,0.8587204431591191,0.8421177291858637,29.286,1.088,True,0.04975673892775525,6.796643358000438,22.878411293029785,2.078125,0.9538458479983092
oscillator,z_clip,1.0,PC-EC,5,20,0.992346923116704,0.09175448585382079,0.9998169319918797,3.4605468619368276,0.04916165672992371,0.5985566610655327,0.6348453660019565,,1.048,False,0.0698325629927455,4.59408505799729,16.341035842895508,0.00390625,0.9423834869994607
oscillator,z_clip,1.0,PC-SC,5,20,0.9934283869716785,0.09143201757379371,0.9998429200897477,3.123056696447196,0.04438088122286179,0.5985566610655327,0.6313714984890161,,1.049,False,0.06305153219727114,6.318729787999473,23.029290199279785,2.23828125,0.9423834869994607
oscillator,z_clip,1.0,PC-EC,6,20,0.9978264630268239,0.07421207774656863,0.9999162871668841,1.6236442159662423,0.020498761212284156,0.5577409504877844,0.57413733661241,1.074,1.09,True,0.029009128066334728,4.925248006002221,17.259034156799316,0.75390625,0.9221352960012155
oscillator,z_clip,1.0,PC-SC,6,20,0.9947097128049807,0.0749396601845822,0.9997430519655418,3.5309677423359656,0.04420957476760106,0.5577409504877844,0.5929815135648674,,1.058,False,0.06256194011328244,6.524160693999875,23.664579391479492,1.796875,0.9221352960012155
oscillator,z_clip,1.0,PC-EC,7,20,0.9989680599896467,0.9904722291105206,0.9999917818252684,1.8139230961668675,0.019412022693077995,0.8211657585866632,0.829819961669515,1.077,10.06,True,0.025861910083821105,4.469791130999511,16.818418502807617,0.00390625,0.9935889369990036
oscillator,z_clip,1.0,PC-SC,7,20,0.9941766391107283,0.9393908339559827,0.9999530992968009,6.102950271338843,0.06449048239839207,0.8211657585866632,0.8481682656948345,,9.946,False,0.08584002038177867,7.764868343001581,20.398252487182617,0.0234375,0.9935889369990036
oscillator,z_clip,1.0,PC-EC,8,20,0.9952180660648149,0.9967759095404101,0.9999349665078017,1.9289574032896635,0.02399814881633633,0.6981160842875862,0.7163929788496235,1.079,1.091,True,0.03394528190921653,4.3114443400008895,16.643556594848633,0.0,0.962633671999356
oscillator,z_clip,1.0,PC-SC,8,20,0.9949401413210618,0.9965605571835223,0.9999308306771328,2.1284502506968517,0.026421957699218127,0.6981160842875862,0.7182359167174195,1.084,1.092,True,0.03736004537478398,6.447172968000814,23.693212509155273,2.6171875,0.962633671999356
oscillator,z_clip,1.0,PC-EC,9,20,0.9953586228277681,0.9948741435400292,0.9999036861202562,2.3543928625485653,0.029476681004635328,0.1519522871775245,0.17844013609812145,1.09,1.09,True,0.041686801669510776,4.49874043300224,17.166139602661133,0.0,0.9385116140001628
oscillator,z_clip,1.0,PC-SC,9,20,0.9962576057113806,0.995786929450893,0.999921022919968,2.0350564194087957,0.02553472884107181,0.1519522871775245,0.1747980942358366,1.081,1.09,True,0.03612095141276291,6.671723202998692,25.037992477416992,2.3671875,0.9385116140001628
oscillator,z_clip,2.0,PC-EC,0,20,0.995376357442196,0.9971729012129171,0.9999528686264382,2.3434025042472997,0.029424581783977326,0.19664340226687707,0.2221853368091712,1.09,1.09,True,0.04166103893982704,4.286609650000173,17.07632350921631,9.72265625,0.9347169290012971
oscillator,z_clip,2.0,PC-SC,0,20,0.9932229826347821,0.9958393324900476,0.9999267158976237,2.956852960991954,0.03705074351355097,0.19664340226687707,0.22897698466614133,,1.085,False,0.05246151209630282,6.449794575000851,23.87496852874756,0.74609375,0.9347169290012971
oscillator,z_clip,2.0,PC-EC,1,20,0.9975223216264687,0.9913608117698782,0.9999830964762075,2.0876258963801932,0.022018597612382736,0.8988952223651023,0.911158721458343,1.084,5.372,True,0.030899388573865653,4.402538694001123,15.637789726257324,0.0,0.8988812490024429
oscillator,z_clip,2.0,PC-SC,1,20,0.998150948711749,0.9933251328791086,0.9999874004501782,1.6593553345259524,0.01757051148219651,0.8988952223651023,0.9087126925801441,1.075,5.355,True,0.02466109334388383,6.539699068998743,23.25952434539795,0.0,0.8988812490024429
oscillator,z_clip,2.0,PC-EC,2,20,0.9973312830039691,0.9988485922973618,0.9999694534794121,2.1377033983485747,0.02674965025888955,0.4657673143341868,0.4890618390186497,1.086,1.092,True,0.037846393789281764,4.40369329099849,16.9534330368042,0.0,0.9349177250005596
oscillator,z_clip,2.0,PC-SC,2,20,0.9978951840464823,0.9991458511139039,0.9999793977419451,1.7107109029537022,0.021476376360095594,0.4657673143341868,0.4844587326689783,1.076,1.091,True,0.030386279961189217,6.311885522998637,21.733802795410156,0.0,0.9349177250005596
oscillator,z_clip,2.0,PC-EC,3,20,0.9964453135765403,0.9978185331705178,0.9999532936222877,2.8557139103659894,0.03476393717598729,0.4629445343351785,0.4912974795432365,5.8100000000000005,1.089,True,0.04928113147637194,4.28145277799922,16.279696464538574,0.0,0.9194178949983325
oscillator,z_clip,2.0,PC-SC,3,20,0.9953543283863384,0.9980491611110519,0.9999535071757195,2.1817907540411405,0.026926452627180512,0.4629445343351785,0.48454584160561676,1.085,1.091,True,0.038517806527311856,5.999472190000233,23.568541526794434,0.375,0.9194178949983325
oscillator,z_clip,2.0,PC-EC,4,20,0.9872747133684576,0.9767290995286029,0.9999866462159593,2.79211092625074,0.033591908573662614,0.8587204431591191,0.8429112946069924,1.105,1.089,True,0.04742146636935422,4.332853340998554,15.63746166229248,0.0,0.9538458479983092
oscillator,z_clip,2.0,PC-SC,4,20,0.9871148315134468,0.9762426114694511,0.9999863463974613,2.9322083442311664,0.03525161033168852,0.8587204431591191,0.8421177291858637,29.286,1.088,True,0.04975673892775525,6.43689370300126,22.84668254852295,0.0,0.9538458479983092
oscillator,z_clip,2.0,PC-EC,5,20,0.992346923116704,0.09175448585382079,0.9998169319918797,3.4605468619368276,0.04916165672992371,0.5985566610655327,0.6348453660019565,,1.048,False,0.0698325629927455,4.339701298998989,16.372594833374023,0.0,0.9423834869994607
oscillator,z_clip,2.0,PC-SC,5,20,0.9934283869716785,0.09143201757379371,0.9998429200897477,3.123056696447196,0.04438088122286179,0.5985566610655327,0.6313714984890161,,1.049,False,0.06305153219727114,6.385995346001437,22.997721672058105,0.0,0.9423834869994607
oscillator,z_clip,2.0,PC-EC,6,20,0.9978264630268239,0.07421207774656863,0.9999162871668841,1.6236442159662423,0.020498761212284156,0.5577409504877844,0.57413733661241,1.074,1.09,True,0.029009128066334728,4.640082623998751,17.227442741394043,0.0,0.9221352960012155
oscillator,z_clip,2.0,PC-SC,6,20,0.9947097128049807,0.0749396601845822,0.9997430519655418,3.5309677423359656,0.04420957476760106,0.5577409504877844,0.5929815135648674,,1.058,False,0.06256194011328244,6.415164186000766,23.66449737548828,0.0,0.9221352960012155
oscillator,z_clip,2.0,PC-EC,7,20,0.9989680599896467,0.9904722291105206,0.9999917818252684,1.8139230961668675,0.019412022693077995,0.8211657585866632,0.829819961669515,1.077,10.06,True,0.025861910083821105,4.5497340519978025,16.849767684936523,0.0,0.9935889369990036
oscillator,z_clip,2.0,PC-SC,7,20,0.9941766391107283,0.9393908339559827,0.9999530992968009,6.102950271338843,0.06449048239839207,0.8211657585866632,0.8481682656948345,,9.946,False,0.08584002038177867,5.971241903000191,20.398226737976074,0.0,0.9935889369990036
oscillator,z_clip,2.0,PC-EC,8,20,0.9952180660648149,0.9967759095404101,0.9999349665078017,1.9289574032896635,0.02399814881633633,0.6981160842875862,0.7163929788496235,1.079,1.091,True,0.03394528190921653,4.324023181001394,16.64355754852295,0.0,0.962633671999356
oscillator,z_clip,2.0,PC-SC,8,20,0.9949401413210618,0.9965605571835223,0.9999308306771328,2.1284502506968517,0.026421957699218127,0.6981160842875862,0.7182359167174195,1.084,1.092,True,0.03736004537478398,6.839945411000372,23.69318675994873,0.0,0.962633671999356
oscillator,z_clip,2.0,PC-EC,9,20,0.9953586228277681,0.9948741435400292,0.9999036861202562,2.3543928625485653,0.029476681004635328,0.1519522871775245,0.17844013609812145,1.09,1.09,True,0.041686801669510776,4.499789490000694,17.16638469696045,0.0,0.9385116140001628
oscillator,z_clip,2.0,PC-SC,9,20,0.9962576057113806,0.995786929450893,0.999921022919968,2.0350564194087957,0.02553472884107181,0.1519522871775245,0.1747980942358366,1.081,1.09,True,0.03612095141276291,6.255012107998482,25.03793716430664,5.7578125,0.9385116140001628
